;EONIA Index
31/12/1998;0.032
01/01/1999;0.032
04/01/1999;0.032
05/01/1999;0.032
06/01/1999;0.0321
07/01/1999;0.0321
08/01/1999;0.0321
11/01/1999;0.032
12/01/1999;0.0319
13/01/1999;0.0318
14/01/1999;0.0316
15/01/1999;0.031
18/01/1999;0.0302
19/01/1999;0.0298
20/01/1999;0.0301
21/01/1999;0.0303
22/01/1999;0.0307
25/01/1999;0.0314
26/01/1999;0.0322
27/01/1999;0.0313
28/01/1999;0.0312
29/01/1999;0.0316
01/02/1999;0.0317
02/02/1999;0.0318
03/02/1999;0.0318
04/02/1999;0.0317
05/02/1999;0.0315
08/02/1999;0.0315
09/02/1999;0.0313
10/02/1999;0.0312
11/02/1999;0.031
12/02/1999;0.0308
15/02/1999;0.0306
16/02/1999;0.0304
17/02/1999;0.0303
18/02/1999;0.0302
19/02/1999;0.0303
22/02/1999;0.0305
23/02/1999;0.0334
24/02/1999;0.0313
25/02/1999;0.0311
26/02/1999;0.0312
01/03/1999;0.0312
02/03/1999;0.0311
03/03/1999;0.0308
04/03/1999;0.0306
05/03/1999;0.0304
08/03/1999;0.0303
09/03/1999;0.0303
10/03/1999;0.0302
11/03/1999;0.0299
12/03/1999;0.0292
15/03/1999;0.029
16/03/1999;0.029
17/03/1999;0.0298
18/03/1999;0.0295
19/03/1999;0.0265
22/03/1999;0.0219
23/03/1999;0.0239
24/03/1999;0.0298
25/03/1999;0.0299
26/03/1999;0.0299
29/03/1999;0.0299
30/03/1999;0.0298
31/03/1999;0.0299
01/04/1999;0.0298
02/04/1999;0.0296
05/04/1999;0.0297
06/04/1999;0.0298
07/04/1999;0.0308
08/04/1999;0.0311
09/04/1999;0.0281
12/04/1999;0.0277
13/04/1999;0.0273
14/04/1999;0.026
15/04/1999;0.0258
16/04/1999;0.0255
19/04/1999;0.0251
20/04/1999;0.0247
21/04/1999;0.0247
22/04/1999;0.0247
23/04/1999;0.0293
26/04/1999;0.0253
27/04/1999;0.0253
28/04/1999;0.0252
29/04/1999;0.0252
30/04/1999;0.0253
03/05/1999;0.0252
04/05/1999;0.0251
05/05/1999;0.0251
06/05/1999;0.0251
07/05/1999;0.0251
10/05/1999;0.0251
11/05/1999;0.0251
12/05/1999;0.0251
13/05/1999;0.0251
14/05/1999;0.0251
17/05/1999;0.0252
18/05/1999;0.0253
19/05/1999;0.0264
20/05/1999;0.0302
21/05/1999;0.0261
24/05/1999;0.0254
25/05/1999;0.0254
26/05/1999;0.0252
27/05/1999;0.0251
28/05/1999;0.0251
31/05/1999;0.0252
01/06/1999;0.0252
02/06/1999;0.0253
03/06/1999;0.0254
04/06/1999;0.0254
07/06/1999;0.0254
08/06/1999;0.0254
09/06/1999;0.0254
10/06/1999;0.0254
11/06/1999;0.0255
14/06/1999;0.0255
15/06/1999;0.0255
16/06/1999;0.0256
17/06/1999;0.0258
18/06/1999;0.026
21/06/1999;0.0267
22/06/1999;0.0266
23/06/1999;0.0223
24/06/1999;0.0255
25/06/1999;0.0258
28/06/1999;0.026
29/06/1999;0.0266
30/06/1999;0.0276
01/07/1999;0.026
02/07/1999;0.0258
05/07/1999;0.0257
06/07/1999;0.0256
07/07/1999;0.0254
08/07/1999;0.0254
09/07/1999;0.0254
12/07/1999;0.0254
13/07/1999;0.0255
14/07/1999;0.0256
15/07/1999;0.0259
16/07/1999;0.0262
19/07/1999;0.0263
20/07/1999;0.0263
21/07/1999;0.026
22/07/1999;0.0204
23/07/1999;0.0187
26/07/1999;0.0257
27/07/1999;0.0259
28/07/1999;0.0258
29/07/1999;0.0258
30/07/1999;0.0258
02/08/1999;0.0258
03/08/1999;0.0255
04/08/1999;0.0254
05/08/1999;0.0253
06/08/1999;0.0253
09/08/1999;0.0253
10/08/1999;0.0254
11/08/1999;0.0255
12/08/1999;0.0256
13/08/1999;0.0257
16/08/1999;0.0257
17/08/1999;0.0255
18/08/1999;0.0216
19/08/1999;0.0185
20/08/1999;0.0194
23/08/1999;0.0186
24/08/1999;0.0255
25/08/1999;0.0256
26/08/1999;0.0256
27/08/1999;0.0255
30/08/1999;0.0255
31/08/1999;0.0256
01/09/1999;0.0256
02/09/1999;0.0255
03/09/1999;0.0254
06/09/1999;0.0253
07/09/1999;0.0252
08/09/1999;0.0252
09/09/1999;0.0251
10/09/1999;0.0251
13/09/1999;0.0251
14/09/1999;0.0251
15/09/1999;0.0251
16/09/1999;0.0251
17/09/1999;0.0246
20/09/1999;0.0205
21/09/1999;0.0238
22/09/1999;0.0192
23/09/1999;0.0174
24/09/1999;0.0252
27/09/1999;0.0252
28/09/1999;0.0252
29/09/1999;0.0252
30/09/1999;0.0263
01/10/1999;0.0257
04/10/1999;0.026
05/10/1999;0.0262
06/10/1999;0.0264
07/10/1999;0.0266
08/10/1999;0.0253
11/10/1999;0.0253
12/10/1999;0.0255
13/10/1999;0.0258
14/10/1999;0.026
15/10/1999;0.026
18/10/1999;0.0256
19/10/1999;0.0211
20/10/1999;0.0209
21/10/1999;0.0193
22/10/1999;0.0176
25/10/1999;0.0259
26/10/1999;0.028
27/10/1999;0.0277
28/10/1999;0.0265
29/10/1999;0.028
01/11/1999;0.0278
02/11/1999;0.0287
03/11/1999;0.0298
04/11/1999;0.0291
05/11/1999;0.0295
08/11/1999;0.0291
09/11/1999;0.0291
10/11/1999;0.0291
11/11/1999;0.0292
12/11/1999;0.0297
15/11/1999;0.0301
16/11/1999;0.0301
17/11/1999;0.029
18/11/1999;0.0266
19/11/1999;0.0274
22/11/1999;0.0272
23/11/1999;0.0311
24/11/1999;0.0304
25/11/1999;0.0305
26/11/1999;0.0304
29/11/1999;0.0304
30/11/1999;0.0315
01/12/1999;0.0307
02/12/1999;0.0305
03/12/1999;0.0304
06/12/1999;0.0304
07/12/1999;0.0307
08/12/1999;0.0304
09/12/1999;0.0302
10/12/1999;0.03
13/12/1999;0.0297
14/12/1999;0.0297
15/12/1999;0.0302
16/12/1999;0.0304
17/12/1999;0.0304
20/12/1999;0.0298
21/12/1999;0.0286
22/12/1999;0.0282
23/12/1999;0.0291
24/12/1999;0.0307
27/12/1999;0.0307
28/12/1999;0.0305
29/12/1999;0.0304
30/12/1999;0.0375
31/12/1999;0.0375
03/01/2000;0.0306
04/01/2000;0.0301
05/01/2000;0.0299
06/01/2000;0.0292
07/01/2000;0.0289
10/01/2000;0.0298
11/01/2000;0.0301
12/01/2000;0.0307
13/01/2000;0.0304
14/01/2000;0.0303
17/01/2000;0.0302
18/01/2000;0.0298
19/01/2000;0.0285
20/01/2000;0.0295
21/01/2000;0.0315
24/01/2000;0.0311
25/01/2000;0.0309
26/01/2000;0.0306
27/01/2000;0.031
28/01/2000;0.033
31/01/2000;0.0329
01/02/2000;0.0326
02/02/2000;0.0318
03/02/2000;0.0319
04/02/2000;0.0326
07/02/2000;0.0325
08/02/2000;0.0325
09/02/2000;0.0324
10/02/2000;0.0324
11/02/2000;0.0325
14/02/2000;0.0325
15/02/2000;0.0325
16/02/2000;0.0325
17/02/2000;0.0323
18/02/2000;0.032
21/02/2000;0.032
22/02/2000;0.0322
23/02/2000;0.0348
24/02/2000;0.0341
25/02/2000;0.0334
28/02/2000;0.0337
29/02/2000;0.0347
01/03/2000;0.0337
02/03/2000;0.0333
03/03/2000;0.0328
06/03/2000;0.0329
07/03/2000;0.0331
08/03/2000;0.0335
09/03/2000;0.0347
10/03/2000;0.0352
13/03/2000;0.0354
14/03/2000;0.0353
15/03/2000;0.035
16/03/2000;0.0349
17/03/2000;0.0349
20/03/2000;0.0348
21/03/2000;0.0349
22/03/2000;0.0358
23/03/2000;0.0386
24/03/2000;0.0359
27/03/2000;0.036
28/03/2000;0.036
29/03/2000;0.0362
30/03/2000;0.037
31/03/2000;0.0375
03/04/2000;0.036
04/04/2000;0.036
05/04/2000;0.0358
06/04/2000;0.0358
07/04/2000;0.0358
10/04/2000;0.0359
11/04/2000;0.0364
12/04/2000;0.0372
13/04/2000;0.0368
14/04/2000;0.0361
17/04/2000;0.0366
18/04/2000;0.0383
19/04/2000;0.0383
20/04/2000;0.0335
21/04/2000;0.0335
24/04/2000;0.0335
25/04/2000;0.0381
26/04/2000;0.0391
27/04/2000;0.0383
28/04/2000;0.0393
01/05/2000;0.0393
02/05/2000;0.039
03/05/2000;0.0391
04/05/2000;0.0396
05/05/2000;0.0403
08/05/2000;0.0401
09/05/2000;0.0399
10/05/2000;0.0398
11/05/2000;0.0393
12/05/2000;0.039
15/05/2000;0.0394
16/05/2000;0.0398
17/05/2000;0.0408
18/05/2000;0.0402
19/05/2000;0.0379
22/05/2000;0.0349
23/05/2000;0.029
24/05/2000;0.0406
25/05/2000;0.0403
26/05/2000;0.0402
29/05/2000;0.0404
30/05/2000;0.0408
31/05/2000;0.042
01/06/2000;0.0416
02/06/2000;0.0416
05/06/2000;0.0416
06/06/2000;0.0413
07/06/2000;0.0406
08/06/2000;0.0415
09/06/2000;0.0433
12/06/2000;0.0436
13/06/2000;0.0435
14/06/2000;0.0431
15/06/2000;0.0426
16/06/2000;0.0424
19/06/2000;0.0421
20/06/2000;0.0422
21/06/2000;0.0438
22/06/2000;0.0416
23/06/2000;0.0451
26/06/2000;0.0444
27/06/2000;0.0443
28/06/2000;0.0438
29/06/2000;0.0433
30/06/2000;0.0475
03/07/2000;0.0433
04/07/2000;0.0432
05/07/2000;0.0432
06/07/2000;0.0432
07/07/2000;0.0431
10/07/2000;0.0431
11/07/2000;0.0431
12/07/2000;0.0431
13/07/2000;0.043
14/07/2000;0.0431
17/07/2000;0.0431
18/07/2000;0.0432
19/07/2000;0.0434
20/07/2000;0.0422
21/07/2000;0.0398
24/07/2000;0.0436
25/07/2000;0.0435
26/07/2000;0.0433
27/07/2000;0.0433
28/07/2000;0.0435
31/07/2000;0.0445
01/08/2000;0.0433
02/08/2000;0.0433
03/08/2000;0.0433
04/08/2000;0.0433
07/08/2000;0.0433
08/08/2000;0.0433
09/08/2000;0.0433
10/08/2000;0.0433
11/08/2000;0.0435
14/08/2000;0.0439
15/08/2000;0.0439
16/08/2000;0.0438
17/08/2000;0.0435
18/08/2000;0.0427
21/08/2000;0.0426
22/08/2000;0.0435
23/08/2000;0.0408
24/08/2000;0.0455
25/08/2000;0.0473
28/08/2000;0.0476
29/08/2000;0.0474
30/08/2000;0.047
31/08/2000;0.047
01/09/2000;0.046
04/09/2000;0.0459
05/09/2000;0.046
06/09/2000;0.0461
07/09/2000;0.0464
08/09/2000;0.0464
11/09/2000;0.0463
12/09/2000;0.0461
13/09/2000;0.0458
14/09/2000;0.0454
15/09/2000;0.0453
18/09/2000;0.0454
19/09/2000;0.0454
20/09/2000;0.0454
21/09/2000;0.044
22/09/2000;0.0412
25/09/2000;0.0466
26/09/2000;0.0472
27/09/2000;0.047
28/09/2000;0.047
29/09/2000;0.0491
02/10/2000;0.0469
03/10/2000;0.0469
04/10/2000;0.0468
05/10/2000;0.0471
06/10/2000;0.048
09/10/2000;0.0479
10/10/2000;0.0478
11/10/2000;0.0478
12/10/2000;0.0477
13/10/2000;0.0473
16/10/2000;0.0473
17/10/2000;0.0473
18/10/2000;0.0465
19/10/2000;0.0464
20/10/2000;0.0468
23/10/2000;0.0472
24/10/2000;0.0484
25/10/2000;0.0485
26/10/2000;0.0485
27/10/2000;0.0485
30/10/2000;0.0485
31/10/2000;0.0497
01/11/2000;0.0487
02/11/2000;0.0486
03/11/2000;0.0485
06/11/2000;0.0485
07/11/2000;0.0484
08/11/2000;0.0483
09/11/2000;0.0482
10/11/2000;0.0481
13/11/2000;0.0481
14/11/2000;0.048
15/11/2000;0.0479
16/11/2000;0.0477
17/11/2000;0.0476
20/11/2000;0.048
21/11/2000;0.0486
22/11/2000;0.0479
23/11/2000;0.0481
24/11/2000;0.0483
27/11/2000;0.0484
28/11/2000;0.0485
29/11/2000;0.0486
30/11/2000;0.0494
01/12/2000;0.0484
04/12/2000;0.0482
05/12/2000;0.048
06/12/2000;0.0478
07/12/2000;0.0481
08/12/2000;0.0483
11/12/2000;0.0483
12/12/2000;0.0483
13/12/2000;0.0481
14/12/2000;0.0479
15/12/2000;0.0478
18/12/2000;0.0479
19/12/2000;0.0478
20/12/2000;0.0474
21/12/2000;0.0473
22/12/2000;0.0485
25/12/2000;0.0485
26/12/2000;0.0485
27/12/2000;0.0486
28/12/2000;0.0488
29/12/2000;0.0516
01/01/2001;0.0516
02/01/2001;0.0483
03/01/2001;0.0482
04/01/2001;0.0481
05/01/2001;0.0478
08/01/2001;0.0477
09/01/2001;0.0478
10/01/2001;0.0481
11/01/2001;0.0482
12/01/2001;0.0481
15/01/2001;0.0481
16/01/2001;0.048
17/01/2001;0.0478
18/01/2001;0.0477
19/01/2001;0.0472
22/01/2001;0.0461
23/01/2001;0.0419
24/01/2001;0.0477
25/01/2001;0.0478
26/01/2001;0.0478
29/01/2001;0.0479
30/01/2001;0.0478
31/01/2001;0.0482
01/02/2001;0.0477
02/02/2001;0.0477
05/02/2001;0.0477
06/02/2001;0.0476
07/02/2001;0.0476
08/02/2001;0.0476
09/02/2001;0.0476
12/02/2001;0.0475
13/02/2001;0.0477
14/02/2001;0.0487
15/02/2001;0.049
16/02/2001;0.0501
19/02/2001;0.0545
20/02/2001;0.0558
21/02/2001;0.0572
22/02/2001;0.057
23/02/2001;0.0508
26/02/2001;0.0483
27/02/2001;0.0486
28/02/2001;0.0499
01/03/2001;0.0481
02/03/2001;0.0481
05/03/2001;0.048
06/03/2001;0.0481
07/03/2001;0.0483
08/03/2001;0.0485
09/03/2001;0.0485
12/03/2001;0.0483
13/03/2001;0.0481
14/03/2001;0.0479
15/03/2001;0.0478
16/03/2001;0.0478
19/03/2001;0.0479
20/03/2001;0.0482
21/03/2001;0.0483
22/03/2001;0.0465
23/03/2001;0.0444
26/03/2001;0.0476
27/03/2001;0.0476
28/03/2001;0.0477
29/03/2001;0.0477
30/03/2001;0.0485
02/04/2001;0.0478
03/04/2001;0.0477
04/04/2001;0.0477
05/04/2001;0.0476
06/04/2001;0.0475
09/04/2001;0.0474
10/04/2001;0.0484
11/04/2001;0.0547
12/04/2001;0.0573
13/04/2001;0.0573
16/04/2001;0.0573
17/04/2001;0.0575
18/04/2001;0.0556
19/04/2001;0.0543
20/04/2001;0.055
23/04/2001;0.0523
24/04/2001;0.0479
25/04/2001;0.048
26/04/2001;0.0481
27/04/2001;0.0481
30/04/2001;0.0493
01/05/2001;0.0493
02/05/2001;0.0483
03/05/2001;0.0482
04/05/2001;0.0481
07/05/2001;0.0481
08/05/2001;0.0481
09/05/2001;0.048
10/05/2001;0.0475
11/05/2001;0.0458
14/05/2001;0.0457
15/05/2001;0.0457
16/05/2001;0.0456
17/05/2001;0.0456
18/05/2001;0.0454
21/05/2001;0.0453
22/05/2001;0.0449
23/05/2001;0.0486
24/05/2001;0.0459
25/05/2001;0.0459
28/05/2001;0.0458
29/05/2001;0.0457
30/05/2001;0.0456
31/05/2001;0.046
01/06/2001;0.0454
04/06/2001;0.0453
05/06/2001;0.0451
06/06/2001;0.0452
07/06/2001;0.0452
08/06/2001;0.0453
11/06/2001;0.0453
12/06/2001;0.0453
13/06/2001;0.0453
14/06/2001;0.0452
15/06/2001;0.0452
18/06/2001;0.0453
19/06/2001;0.0452
20/06/2001;0.0452
21/06/2001;0.0442
22/06/2001;0.0461
25/06/2001;0.0455
26/06/2001;0.0455
27/06/2001;0.0456
28/06/2001;0.0455
29/06/2001;0.0472
02/07/2001;0.0454
03/07/2001;0.0453
04/07/2001;0.0453
05/07/2001;0.0453
06/07/2001;0.0453
09/07/2001;0.0452
10/07/2001;0.0452
11/07/2001;0.0452
12/07/2001;0.0452
13/07/2001;0.0452
16/07/2001;0.0452
17/07/2001;0.0451
18/07/2001;0.0451
19/07/2001;0.0441
20/07/2001;0.0433
23/07/2001;0.044
24/07/2001;0.0452
25/07/2001;0.0452
26/07/2001;0.0452
27/07/2001;0.0452
30/07/2001;0.0452
31/07/2001;0.0458
01/08/2001;0.0451
02/08/2001;0.045
03/08/2001;0.0452
06/08/2001;0.0452
07/08/2001;0.0452
08/08/2001;0.0452
09/08/2001;0.0452
10/08/2001;0.0452
13/08/2001;0.0451
14/08/2001;0.0451
15/08/2001;0.0451
16/08/2001;0.0451
17/08/2001;0.0451
20/08/2001;0.0451
21/08/2001;0.0451
22/08/2001;0.0444
23/08/2001;0.045
24/08/2001;0.0451
27/08/2001;0.0449
28/08/2001;0.0449
29/08/2001;0.0442
30/08/2001;0.0437
31/08/2001;0.0438
03/09/2001;0.043
04/09/2001;0.043
05/09/2001;0.0429
06/09/2001;0.0429
07/09/2001;0.0428
10/09/2001;0.0428
11/09/2001;0.0429
12/09/2001;0.0442
13/09/2001;0.0428
14/09/2001;0.0423
17/09/2001;0.0423
18/09/2001;0.0376
19/09/2001;0.0356
20/09/2001;0.0313
21/09/2001;0.0312
24/09/2001;0.0378
25/09/2001;0.0379
26/09/2001;0.0379
27/09/2001;0.0378
28/09/2001;0.0383
01/10/2001;0.0377
02/10/2001;0.0376
03/10/2001;0.0375
04/10/2001;0.0374
05/10/2001;0.0372
08/10/2001;0.0372
09/10/2001;0.0383
10/10/2001;0.0394
11/10/2001;0.0396
12/10/2001;0.0398
15/10/2001;0.0387
16/10/2001;0.0391
17/10/2001;0.0433
18/10/2001;0.044
19/10/2001;0.046
22/10/2001;0.0469
23/10/2001;0.0474
24/10/2001;0.0376
25/10/2001;0.0374
26/10/2001;0.0377
29/10/2001;0.0376
30/10/2001;0.0376
31/10/2001;0.0384
01/11/2001;0.0377
02/11/2001;0.0376
05/11/2001;0.0376
06/11/2001;0.0385
07/11/2001;0.0388
08/11/2001;0.0373
09/11/2001;0.0386
12/11/2001;0.0383
13/11/2001;0.0368
14/11/2001;0.0337
15/11/2001;0.033
16/11/2001;0.0329
19/11/2001;0.0325
20/11/2001;0.0325
21/11/2001;0.0335
22/11/2001;0.034
23/11/2001;0.0328
26/11/2001;0.033
27/11/2001;0.033
28/11/2001;0.033
29/11/2001;0.033
30/11/2001;0.0335
03/12/2001;0.0329
04/12/2001;0.0328
05/12/2001;0.0326
06/12/2001;0.0326
07/12/2001;0.0327
10/12/2001;0.0328
11/12/2001;0.0329
12/12/2001;0.0329
13/12/2001;0.033
14/12/2001;0.033
17/12/2001;0.033
18/12/2001;0.0331
19/12/2001;0.0332
20/12/2001;0.0327
21/12/2001;0.0305
24/12/2001;0.0343
25/12/2001;0.0343
26/12/2001;0.0343
27/12/2001;0.0369
28/12/2001;0.0391
31/12/2001;0.0391
01/01/2002;0.0391
02/01/2002;0.0335
03/01/2002;0.0345
04/01/2002;0.0345
07/01/2002;0.0338
08/01/2002;0.0335
09/01/2002;0.0334
10/01/2002;0.0334
11/01/2002;0.0334
14/01/2002;0.0333
15/01/2002;0.0332
16/01/2002;0.0333
17/01/2002;0.0332
18/01/2002;0.0331
21/01/2002;0.033
22/01/2002;0.0303
23/01/2002;0.0259
24/01/2002;0.0331
25/01/2002;0.0331
28/01/2002;0.0332
29/01/2002;0.0332
30/01/2002;0.0332
31/01/2002;0.0335
01/02/2002;0.0332
04/02/2002;0.0331
05/02/2002;0.033
06/02/2002;0.033
07/02/2002;0.033
08/02/2002;0.033
11/02/2002;0.033
12/02/2002;0.033
13/02/2002;0.033
14/02/2002;0.0329
15/02/2002;0.0329
18/02/2002;0.0328
19/02/2002;0.0327
20/02/2002;0.0321
21/02/2002;0.0308
22/02/2002;0.0322
25/02/2002;0.0331
26/02/2002;0.0332
27/02/2002;0.0332
28/02/2002;0.0334
01/03/2002;0.0331
04/03/2002;0.033
05/03/2002;0.0329
06/03/2002;0.0328
07/03/2002;0.0328
08/03/2002;0.0328
11/03/2002;0.0328
12/03/2002;0.0328
13/03/2002;0.0328
14/03/2002;0.0327
15/03/2002;0.0325
18/03/2002;0.0323
19/03/2002;0.0319
20/03/2002;0.0312
21/03/2002;0.0299
22/03/2002;0.0326
25/03/2002;0.0333
26/03/2002;0.0334
27/03/2002;0.0333
28/03/2002;0.0339
29/03/2002;0.0339
01/04/2002;0.0339
02/04/2002;0.0331
03/04/2002;0.033
04/04/2002;0.033
05/04/2002;0.033
08/04/2002;0.0329
09/04/2002;0.0329
10/04/2002;0.0329
11/04/2002;0.0329
12/04/2002;0.0328
15/04/2002;0.0327
16/04/2002;0.0326
17/04/2002;0.032
18/04/2002;0.0319
19/04/2002;0.0327
22/04/2002;0.0333
23/04/2002;0.039
24/04/2002;0.0331
25/04/2002;0.033
26/04/2002;0.033
29/04/2002;0.033
30/04/2002;0.0336
01/05/2002;0.0336
02/05/2002;0.0331
03/05/2002;0.033
06/05/2002;0.033
07/05/2002;0.0331
08/05/2002;0.033
09/05/2002;0.033
10/05/2002;0.033
13/05/2002;0.033
14/05/2002;0.033
15/05/2002;0.033
16/05/2002;0.0329
17/05/2002;0.0327
20/05/2002;0.0326
21/05/2002;0.0325
22/05/2002;0.0333
23/05/2002;0.0332
24/05/2002;0.0335
27/05/2002;0.0335
28/05/2002;0.0334
29/05/2002;0.0334
30/05/2002;0.0334
31/05/2002;0.0336
03/06/2002;0.0334
04/06/2002;0.0333
05/06/2002;0.0333
06/06/2002;0.0333
07/06/2002;0.0333
10/06/2002;0.0333
11/06/2002;0.0332
12/06/2002;0.0332
13/06/2002;0.0331
14/06/2002;0.0331
17/06/2002;0.0331
18/06/2002;0.033
19/06/2002;0.033
20/06/2002;0.0332
21/06/2002;0.0358
24/06/2002;0.0335
25/06/2002;0.0336
26/06/2002;0.0336
27/06/2002;0.0335
28/06/2002;0.0349
01/07/2002;0.0334
02/07/2002;0.0333
03/07/2002;0.0332
04/07/2002;0.0332
05/07/2002;0.0332
08/07/2002;0.0331
09/07/2002;0.033
10/07/2002;0.033
11/07/2002;0.033
12/07/2002;0.033
15/07/2002;0.033
16/07/2002;0.0329
17/07/2002;0.0328
18/07/2002;0.0321
19/07/2002;0.0323
22/07/2002;0.0331
23/07/2002;0.0331
24/07/2002;0.0332
25/07/2002;0.0331
26/07/2002;0.033
29/07/2002;0.033
30/07/2002;0.033
31/07/2002;0.0334
01/08/2002;0.033
02/08/2002;0.033
05/08/2002;0.033
06/08/2002;0.0329
07/08/2002;0.0329
08/08/2002;0.0329
09/08/2002;0.0329
12/08/2002;0.0329
13/08/2002;0.0329
14/08/2002;0.0329
15/08/2002;0.0328
16/08/2002;0.0328
19/08/2002;0.0329
20/08/2002;0.0329
21/08/2002;0.0329
22/08/2002;0.0329
23/08/2002;0.0329
26/08/2002;0.0329
27/08/2002;0.0329
28/08/2002;0.0329
29/08/2002;0.0329
30/08/2002;0.0334
02/09/2002;0.0329
03/09/2002;0.0329
04/09/2002;0.0329
05/09/2002;0.0329
06/09/2002;0.0328
09/09/2002;0.0328
10/09/2002;0.0329
11/09/2002;0.0329
12/09/2002;0.0329
13/09/2002;0.0329
16/09/2002;0.0329
17/09/2002;0.0329
18/09/2002;0.0329
19/09/2002;0.0329
20/09/2002;0.0336
23/09/2002;0.0363
24/09/2002;0.0331
25/09/2002;0.0331
26/09/2002;0.0331
27/09/2002;0.0331
30/09/2002;0.0342
01/10/2002;0.033
02/10/2002;0.033
03/10/2002;0.0329
04/10/2002;0.0329
07/10/2002;0.0329
08/10/2002;0.0329
09/10/2002;0.0329
10/10/2002;0.0329
11/10/2002;0.0329
14/10/2002;0.0329
15/10/2002;0.0329
16/10/2002;0.0329
17/10/2002;0.0329
18/10/2002;0.0329
21/10/2002;0.0335
22/10/2002;0.0337
23/10/2002;0.0332
24/10/2002;0.0329
25/10/2002;0.0329
28/10/2002;0.0329
29/10/2002;0.0329
30/10/2002;0.0329
31/10/2002;0.0334
01/11/2002;0.033
04/11/2002;0.0329
05/11/2002;0.0329
06/11/2002;0.0328
07/11/2002;0.0325
08/11/2002;0.0329
11/11/2002;0.0329
12/11/2002;0.0329
13/11/2002;0.0329
14/11/2002;0.0329
15/11/2002;0.0329
18/11/2002;0.0329
19/11/2002;0.0329
20/11/2002;0.0329
21/11/2002;0.033
22/11/2002;0.0349
25/11/2002;0.033
26/11/2002;0.033
27/11/2002;0.033
28/11/2002;0.033
29/11/2002;0.0338
02/12/2002;0.0336
03/12/2002;0.0332
04/12/2002;0.0301
05/12/2002;0.0294
06/12/2002;0.029
09/12/2002;0.0289
10/12/2002;0.0289
11/12/2002;0.0288
12/12/2002;0.0288
13/12/2002;0.0289
16/12/2002;0.0289
17/12/2002;0.0297
18/12/2002;0.0297
19/12/2002;0.0335
20/12/2002;0.035
23/12/2002;0.037
24/12/2002;0.0305
25/12/2002;0.0305
26/12/2002;0.0305
27/12/2002;0.0303
30/12/2002;0.0303
31/12/2002;0.0344
01/01/2003;0.0344
02/01/2003;0.029
03/01/2003;0.0289
06/01/2003;0.0288
07/01/2003;0.0286
08/01/2003;0.0284
09/01/2003;0.0283
10/01/2003;0.0282
13/01/2003;0.0282
14/01/2003;0.0282
15/01/2003;0.0282
16/01/2003;0.0282
17/01/2003;0.0281
20/01/2003;0.0281
21/01/2003;0.0281
22/01/2003;0.0257
23/01/2003;0.0212
24/01/2003;0.0281
27/01/2003;0.0281
28/01/2003;0.0281
29/01/2003;0.028
30/01/2003;0.028
31/01/2003;0.0286
03/02/2003;0.028
04/02/2003;0.028
05/02/2003;0.0279
06/02/2003;0.0279
07/02/2003;0.0278
10/02/2003;0.0278
11/02/2003;0.0278
12/02/2003;0.0278
13/02/2003;0.0278
14/02/2003;0.0278
17/02/2003;0.0278
18/02/2003;0.0279
19/02/2003;0.0279
20/02/2003;0.0277
21/02/2003;0.0239
24/02/2003;0.0278
25/02/2003;0.0277
26/02/2003;0.0277
27/02/2003;0.0275
28/02/2003;0.0282
03/03/2003;0.0297
04/03/2003;0.0336
05/03/2003;0.0311
06/03/2003;0.0297
07/03/2003;0.0317
10/03/2003;0.0319
11/03/2003;0.0284
12/03/2003;0.0265
13/03/2003;0.0261
14/03/2003;0.0261
17/03/2003;0.026
18/03/2003;0.0259
19/03/2003;0.0251
20/03/2003;0.0237
21/03/2003;0.0272
24/03/2003;0.0256
25/03/2003;0.0256
26/03/2003;0.0256
27/03/2003;0.0256
28/03/2003;0.0256
31/03/2003;0.0266
01/04/2003;0.0255
02/04/2003;0.0254
03/04/2003;0.0254
04/04/2003;0.0254
07/04/2003;0.0254
08/04/2003;0.0254
09/04/2003;0.0254
10/04/2003;0.0254
11/04/2003;0.0254
14/04/2003;0.0254
15/04/2003;0.0254
16/04/2003;0.0255
17/04/2003;0.0264
18/04/2003;0.0264
21/04/2003;0.0264
22/04/2003;0.0265
23/04/2003;0.0258
24/04/2003;0.0255
25/04/2003;0.0255
28/04/2003;0.0255
29/04/2003;0.0255
30/04/2003;0.0264
01/05/2003;0.0264
02/05/2003;0.0255
05/05/2003;0.0255
06/05/2003;0.0255
07/05/2003;0.0255
08/05/2003;0.0254
09/05/2003;0.0255
12/05/2003;0.0255
13/05/2003;0.0255
14/05/2003;0.0255
15/05/2003;0.0256
16/05/2003;0.0256
19/05/2003;0.0256
20/05/2003;0.0259
21/05/2003;0.0273
22/05/2003;0.0257
23/05/2003;0.0221
26/05/2003;0.0256
27/05/2003;0.0258
28/05/2003;0.0259
29/05/2003;0.026
30/05/2003;0.0265
02/06/2003;0.0265
03/06/2003;0.0268
04/06/2003;0.0237
05/06/2003;0.0219
06/06/2003;0.0215
09/06/2003;0.0214
10/06/2003;0.0213
11/06/2003;0.0214
12/06/2003;0.0214
13/06/2003;0.0214
16/06/2003;0.0214
17/06/2003;0.0213
18/06/2003;0.0213
19/06/2003;0.022
20/06/2003;0.0216
23/06/2003;0.0211
24/06/2003;0.0212
25/06/2003;0.0212
26/06/2003;0.0212
27/06/2003;0.0214
30/06/2003;0.0238
01/07/2003;0.0212
02/07/2003;0.0212
03/07/2003;0.0212
04/07/2003;0.0212
07/07/2003;0.0211
08/07/2003;0.021
09/07/2003;0.021
10/07/2003;0.021
11/07/2003;0.0209
14/07/2003;0.0209
15/07/2003;0.0209
16/07/2003;0.0209
17/07/2003;0.0209
18/07/2003;0.0208
21/07/2003;0.0208
22/07/2003;0.0209
23/07/2003;0.0183
24/07/2003;0.0206
25/07/2003;0.0205
28/07/2003;0.0204
29/07/2003;0.0205
30/07/2003;0.0207
31/07/2003;0.0211
01/08/2003;0.0208
04/08/2003;0.0207
05/08/2003;0.0207
06/08/2003;0.0206
07/08/2003;0.0206
08/08/2003;0.0206
11/08/2003;0.0206
12/08/2003;0.0206
13/08/2003;0.0206
14/08/2003;0.0206
15/08/2003;0.0207
18/08/2003;0.0207
19/08/2003;0.0207
20/08/2003;0.0209
21/08/2003;0.0215
22/08/2003;0.0245
25/08/2003;0.021
26/08/2003;0.021
27/08/2003;0.0209
28/08/2003;0.0209
29/08/2003;0.0214
01/09/2003;0.0209
02/09/2003;0.0209
03/09/2003;0.0209
04/09/2003;0.0208
05/09/2003;0.0208
08/09/2003;0.0208
09/09/2003;0.0208
10/09/2003;0.0208
11/09/2003;0.0208
12/09/2003;0.0208
15/09/2003;0.0208
16/09/2003;0.0208
17/09/2003;0.0207
18/09/2003;0.0204
19/09/2003;0.0193
22/09/2003;0.0174
23/09/2003;0.0134
24/09/2003;0.0207
25/09/2003;0.0206
26/09/2003;0.0206
29/09/2003;0.0206
30/09/2003;0.021
01/10/2003;0.0206
02/10/2003;0.0206
03/10/2003;0.0206
06/10/2003;0.0206
07/10/2003;0.0206
08/10/2003;0.0206
09/10/2003;0.0206
10/10/2003;0.0206
13/10/2003;0.0206
14/10/2003;0.0205
15/10/2003;0.0205
16/10/2003;0.0205
17/10/2003;0.0201
20/10/2003;0.0191
21/10/2003;0.0199
22/10/2003;0.0196
23/10/2003;0.0144
24/10/2003;0.0205
27/10/2003;0.0205
28/10/2003;0.0205
29/10/2003;0.0205
30/10/2003;0.0206
31/10/2003;0.0208
03/11/2003;0.0205
04/11/2003;0.0205
05/11/2003;0.0205
06/11/2003;0.0205
07/11/2003;0.0205
10/11/2003;0.0205
11/11/2003;0.0204
12/11/2003;0.0204
13/11/2003;0.0202
14/11/2003;0.0192
17/11/2003;0.02
18/11/2003;0.0199
19/11/2003;0.0179
20/11/2003;0.0154
21/11/2003;0.0146
24/11/2003;0.0204
25/11/2003;0.0206
26/11/2003;0.0208
27/11/2003;0.0209
28/11/2003;0.0209
01/12/2003;0.0205
02/12/2003;0.0205
03/12/2003;0.0204
04/12/2003;0.0204
05/12/2003;0.0204
08/12/2003;0.0203
09/12/2003;0.0203
10/12/2003;0.0204
11/12/2003;0.0204
12/12/2003;0.0205
15/12/2003;0.0204
16/12/2003;0.0203
17/12/2003;0.0188
18/12/2003;0.0171
19/12/2003;0.0162
22/12/2003;0.0189
23/12/2003;0.0246
24/12/2003;0.0228
25/12/2003;0.0228
26/12/2003;0.0228
29/12/2003;0.0233
30/12/2003;0.0222
31/12/2003;0.0232
01/01/2004;0.0232
02/01/2004;0.0206
05/01/2004;0.0205
06/01/2004;0.0204
07/01/2004;0.0204
08/01/2004;0.0204
09/01/2004;0.0204
12/01/2004;0.0204
13/01/2004;0.0204
14/01/2004;0.0202
15/01/2004;0.0194
16/01/2004;0.0195
19/01/2004;0.0199
20/01/2004;0.02
21/01/2004;0.0204
22/01/2004;0.0198
23/01/2004;0.0192
26/01/2004;0.0205
27/01/2004;0.0205
28/01/2004;0.0205
29/01/2004;0.0205
30/01/2004;0.0206
02/02/2004;0.0204
03/02/2004;0.0203
04/02/2004;0.0203
05/02/2004;0.0203
06/02/2004;0.0202
09/02/2004;0.0202
10/02/2004;0.0202
11/02/2004;0.0202
12/02/2004;0.0202
13/02/2004;0.0202
16/02/2004;0.0202
17/02/2004;0.0202
18/02/2004;0.0202
19/02/2004;0.0202
20/02/2004;0.0204
23/02/2004;0.0205
24/02/2004;0.0205
25/02/2004;0.0205
26/02/2004;0.0205
27/02/2004;0.0206
01/03/2004;0.0204
02/03/2004;0.0203
03/03/2004;0.0199
04/03/2004;0.0188
05/03/2004;0.0184
08/03/2004;0.019
09/03/2004;0.0199
10/03/2004;0.0202
11/03/2004;0.0202
12/03/2004;0.0202
15/03/2004;0.0202
16/03/2004;0.0201
17/03/2004;0.0201
18/03/2004;0.02
19/03/2004;0.02
22/03/2004;0.0201
23/03/2004;0.0203
24/03/2004;0.0205
25/03/2004;0.0205
26/03/2004;0.0205
29/03/2004;0.0206
30/03/2004;0.0205
31/03/2004;0.0206
01/04/2004;0.0202
02/04/2004;0.0202
05/04/2004;0.0226
06/04/2004;0.0275
07/04/2004;0.0204
08/04/2004;0.0204
09/04/2004;0.0204
12/04/2004;0.0204
13/04/2004;0.0204
14/04/2004;0.0203
15/04/2004;0.0203
16/04/2004;0.0203
19/04/2004;0.0202
20/04/2004;0.0202
21/04/2004;0.0202
22/04/2004;0.0202
23/04/2004;0.0202
26/04/2004;0.0203
27/04/2004;0.0203
28/04/2004;0.0204
29/04/2004;0.0204
30/04/2004;0.0206
03/05/2004;0.0204
04/05/2004;0.0204
05/05/2004;0.0204
06/05/2004;0.0203
07/05/2004;0.0183
10/05/2004;0.0184
11/05/2004;0.0207
12/05/2004;0.0203
13/05/2004;0.0203
14/05/2004;0.0203
17/05/2004;0.0203
18/05/2004;0.0203
19/05/2004;0.0202
20/05/2004;0.0202
21/05/2004;0.0203
24/05/2004;0.0203
25/05/2004;0.0203
26/05/2004;0.0203
27/05/2004;0.0203
28/05/2004;0.0204
31/05/2004;0.0205
01/06/2004;0.0204
02/06/2004;0.0204
03/06/2004;0.0209
04/06/2004;0.0212
07/06/2004;0.0198
08/06/2004;0.0172
09/06/2004;0.0203
10/06/2004;0.0203
11/06/2004;0.0203
14/06/2004;0.0203
15/06/2004;0.0203
16/06/2004;0.0203
17/06/2004;0.0203
18/06/2004;0.0203
21/06/2004;0.0203
22/06/2004;0.0203
23/06/2004;0.0203
24/06/2004;0.0203
25/06/2004;0.0204
28/06/2004;0.0204
29/06/2004;0.0205
30/06/2004;0.0213
01/07/2004;0.0204
02/07/2004;0.0204
05/07/2004;0.0211
06/07/2004;0.0253
07/07/2004;0.0204
08/07/2004;0.0204
09/07/2004;0.0204
12/07/2004;0.0204
13/07/2004;0.0204
14/07/2004;0.0204
15/07/2004;0.0204
16/07/2004;0.0204
19/07/2004;0.0204
20/07/2004;0.0204
21/07/2004;0.0204
22/07/2004;0.0204
23/07/2004;0.0204
26/07/2004;0.0204
27/07/2004;0.0204
28/07/2004;0.0204
29/07/2004;0.0205
30/07/2004;0.0208
02/08/2004;0.0205
03/08/2004;0.0205
04/08/2004;0.0205
05/08/2004;0.0203
06/08/2004;0.0193
09/08/2004;0.02
10/08/2004;0.0216
11/08/2004;0.0204
12/08/2004;0.0204
13/08/2004;0.0204
16/08/2004;0.0204
17/08/2004;0.0204
18/08/2004;0.0204
19/08/2004;0.0204
20/08/2004;0.0204
23/08/2004;0.0204
24/08/2004;0.0204
25/08/2004;0.0204
26/08/2004;0.0204
27/08/2004;0.0204
30/08/2004;0.0204
31/08/2004;0.0206
01/09/2004;0.0204
02/09/2004;0.0202
03/09/2004;0.0201
06/09/2004;0.0216
07/09/2004;0.0217
08/09/2004;0.0205
09/09/2004;0.0204
10/09/2004;0.0204
13/09/2004;0.0204
14/09/2004;0.0204
15/09/2004;0.0204
16/09/2004;0.0204
17/09/2004;0.0204
20/09/2004;0.0204
21/09/2004;0.0204
22/09/2004;0.0204
23/09/2004;0.0204
24/09/2004;0.0204
27/09/2004;0.0204
28/09/2004;0.0204
29/09/2004;0.0204
30/09/2004;0.0209
01/10/2004;0.0205
04/10/2004;0.0205
05/10/2004;0.021
06/10/2004;0.0213
07/10/2004;0.0212
08/10/2004;0.0233
11/10/2004;0.0277
12/10/2004;0.0205
13/10/2004;0.0205
14/10/2004;0.0205
15/10/2004;0.0206
18/10/2004;0.0206
19/10/2004;0.0206
20/10/2004;0.0205
21/10/2004;0.0205
22/10/2004;0.0205
25/10/2004;0.0205
26/10/2004;0.0205
27/10/2004;0.0206
28/10/2004;0.0206
29/10/2004;0.0209
01/11/2004;0.0206
02/11/2004;0.0206
03/11/2004;0.0213
04/11/2004;0.0224
05/11/2004;0.0212
08/11/2004;0.0202
09/11/2004;0.0206
10/11/2004;0.0207
11/11/2004;0.0207
12/11/2004;0.0208
15/11/2004;0.0208
16/11/2004;0.0208
17/11/2004;0.0208
18/11/2004;0.0207
19/11/2004;0.0207
22/11/2004;0.0208
23/11/2004;0.0208
24/11/2004;0.0208
25/11/2004;0.0208
26/11/2004;0.0208
29/11/2004;0.0208
30/11/2004;0.021
01/12/2004;0.0205
02/12/2004;0.0189
03/12/2004;0.0182
06/12/2004;0.0183
07/12/2004;0.0198
08/12/2004;0.0207
09/12/2004;0.0208
10/12/2004;0.0209
13/12/2004;0.021
14/12/2004;0.021
15/12/2004;0.0209
16/12/2004;0.0208
17/12/2004;0.0208
20/12/2004;0.0208
21/12/2004;0.0209
22/12/2004;0.0208
23/12/2004;0.0208
24/12/2004;0.0208
27/12/2004;0.0208
28/12/2004;0.0208
29/12/2004;0.0208
30/12/2004;0.0211
31/12/2004;0.0221
03/01/2005;0.0209
04/01/2005;0.0209
05/01/2005;0.0208
06/01/2005;0.0208
07/01/2005;0.0208
10/01/2005;0.0209
11/01/2005;0.0209
12/01/2005;0.0208
13/01/2005;0.0198
14/01/2005;0.0197
17/01/2005;0.0212
18/01/2005;0.0214
19/01/2005;0.0208
20/01/2005;0.0208
21/01/2005;0.0208
24/01/2005;0.0208
25/01/2005;0.0208
26/01/2005;0.0208
27/01/2005;0.0208
28/01/2005;0.0208
31/01/2005;0.0209
01/02/2005;0.0207
02/02/2005;0.0201
03/02/2005;0.0205
04/02/2005;0.0204
07/02/2005;0.0203
08/02/2005;0.0207
09/02/2005;0.0207
10/02/2005;0.0207
11/02/2005;0.0207
14/02/2005;0.0207
15/02/2005;0.0207
16/02/2005;0.0206
17/02/2005;0.0206
18/02/2005;0.0206
21/02/2005;0.0206
22/02/2005;0.0206
23/02/2005;0.0206
24/02/2005;0.0206
25/02/2005;0.0206
28/02/2005;0.0207
01/03/2005;0.0206
02/03/2005;0.0206
03/03/2005;0.0205
04/03/2005;0.0202
07/03/2005;0.0198
08/03/2005;0.0201
09/03/2005;0.0206
10/03/2005;0.0206
11/03/2005;0.0206
14/03/2005;0.0206
15/03/2005;0.0206
16/03/2005;0.0206
17/03/2005;0.0206
18/03/2005;0.0206
21/03/2005;0.0206
22/03/2005;0.0207
23/03/2005;0.0207
24/03/2005;0.0207
25/03/2005;0.0207
28/03/2005;0.0207
29/03/2005;0.0207
30/03/2005;0.0207
31/03/2005;0.0212
01/04/2005;0.0207
04/04/2005;0.0207
05/04/2005;0.0207
06/04/2005;0.0207
07/04/2005;0.0207
08/04/2005;0.0206
11/04/2005;0.0209
12/04/2005;0.0218
13/04/2005;0.0207
14/04/2005;0.0207
15/04/2005;0.0207
18/04/2005;0.0207
19/04/2005;0.0207
20/04/2005;0.0206
21/04/2005;0.0206
22/04/2005;0.0206
25/04/2005;0.0207
26/04/2005;0.0207
27/04/2005;0.0207
28/04/2005;0.0208
29/04/2005;0.0209
02/05/2005;0.0207
03/05/2005;0.0207
04/05/2005;0.0208
05/05/2005;0.0209
06/05/2005;0.0206
09/05/2005;0.0205
10/05/2005;0.0199
11/05/2005;0.0207
12/05/2005;0.0207
13/05/2005;0.0207
16/05/2005;0.0207
17/05/2005;0.0207
18/05/2005;0.0207
19/05/2005;0.0207
20/05/2005;0.0207
23/05/2005;0.0207
24/05/2005;0.0208
25/05/2005;0.0208
26/05/2005;0.0208
27/05/2005;0.0208
30/05/2005;0.0208
31/05/2005;0.021
01/06/2005;0.0208
02/06/2005;0.0207
03/06/2005;0.0204
06/06/2005;0.0198
07/06/2005;0.0178
08/06/2005;0.0208
09/06/2005;0.0208
10/06/2005;0.0208
13/06/2005;0.0208
14/06/2005;0.0208
15/06/2005;0.0207
16/06/2005;0.0207
17/06/2005;0.0207
20/06/2005;0.0207
21/06/2005;0.0207
22/06/2005;0.0207
23/06/2005;0.0207
24/06/2005;0.0208
27/06/2005;0.0209
28/06/2005;0.0209
29/06/2005;0.021
30/06/2005;0.0217
01/07/2005;0.0208
04/07/2005;0.0208
05/07/2005;0.0208
06/07/2005;0.0208
07/07/2005;0.0211
08/07/2005;0.0203
11/07/2005;0.0197
12/07/2005;0.0206
13/07/2005;0.0208
14/07/2005;0.0208
15/07/2005;0.0208
18/07/2005;0.0208
19/07/2005;0.0208
20/07/2005;0.0207
21/07/2005;0.0207
22/07/2005;0.0207
25/07/2005;0.0208
26/07/2005;0.0208
27/07/2005;0.0208
28/07/2005;0.0208
29/07/2005;0.0211
01/08/2005;0.0208
02/08/2005;0.0208
03/08/2005;0.0208
04/08/2005;0.0209
05/08/2005;0.0209
08/08/2005;0.0207
09/08/2005;0.0163
10/08/2005;0.0208
11/08/2005;0.0208
12/08/2005;0.0208
15/08/2005;0.0208
16/08/2005;0.0208
17/08/2005;0.0208
18/08/2005;0.0208
19/08/2005;0.0208
22/08/2005;0.0208
23/08/2005;0.0208
24/08/2005;0.0208
25/08/2005;0.0208
26/08/2005;0.0208
29/08/2005;0.0208
30/08/2005;0.0207
31/08/2005;0.0209
01/09/2005;0.0208
02/09/2005;0.0209
05/09/2005;0.0217
06/09/2005;0.0218
07/09/2005;0.0208
08/09/2005;0.0208
09/09/2005;0.0208
12/09/2005;0.0208
13/09/2005;0.0208
14/09/2005;0.0208
15/09/2005;0.0208
16/09/2005;0.0208
19/09/2005;0.0208
20/09/2005;0.0208
21/09/2005;0.0208
22/09/2005;0.0208
23/09/2005;0.0208
26/09/2005;0.0208
27/09/2005;0.0209
28/09/2005;0.0209
29/09/2005;0.021
30/09/2005;0.0215
03/10/2005;0.0209
04/10/2005;0.0209
05/10/2005;0.021
06/10/2005;0.021
07/10/2005;0.0202
10/10/2005;0.0196
11/10/2005;0.0193
12/10/2005;0.0208
13/10/2005;0.0208
14/10/2005;0.0208
17/10/2005;0.0208
18/10/2005;0.0208
19/10/2005;0.0208
20/10/2005;0.0208
21/10/2005;0.0208
24/10/2005;0.0208
25/10/2005;0.0208
26/10/2005;0.0208
27/10/2005;0.0208
28/10/2005;0.0207
31/10/2005;0.0209
01/11/2005;0.0207
02/11/2005;0.0207
03/11/2005;0.0207
04/11/2005;0.0209
07/11/2005;0.0209
08/11/2005;0.0187
09/11/2005;0.0208
10/11/2005;0.0208
11/11/2005;0.0208
14/11/2005;0.0208
15/11/2005;0.0208
16/11/2005;0.0208
17/11/2005;0.0208
18/11/2005;0.0208
21/11/2005;0.0211
22/11/2005;0.0216
23/11/2005;0.0219
24/11/2005;0.0216
25/11/2005;0.0211
28/11/2005;0.0211
29/11/2005;0.0209
30/11/2005;0.0206
01/12/2005;0.0204
02/12/2005;0.018
05/12/2005;0.0185
06/12/2005;0.0232
07/12/2005;0.0232
08/12/2005;0.0232
09/12/2005;0.0232
12/12/2005;0.0232
13/12/2005;0.0232
14/12/2005;0.0232
15/12/2005;0.0232
16/12/2005;0.0233
19/12/2005;0.0233
20/12/2005;0.0233
21/12/2005;0.0234
22/12/2005;0.024
23/12/2005;0.0235
26/12/2005;0.0235
27/12/2005;0.0235
28/12/2005;0.0235
29/12/2005;0.0234
30/12/2005;0.0242
02/01/2006;0.0235
03/01/2006;0.0234
04/01/2006;0.0234
05/01/2006;0.0234
06/01/2006;0.0234
09/01/2006;0.0234
10/01/2006;0.0234
11/01/2006;0.0234
12/01/2006;0.0232
13/01/2006;0.0221
16/01/2006;0.0231
17/01/2006;0.023
18/01/2006;0.0233
19/01/2006;0.0233
20/01/2006;0.0233
23/01/2006;0.0233
24/01/2006;0.0233
25/01/2006;0.0233
26/01/2006;0.0233
27/01/2006;0.0233
30/01/2006;0.0233
31/01/2006;0.0234
01/02/2006;0.0233
02/02/2006;0.0234
03/02/2006;0.024
06/02/2006;0.0238
07/02/2006;0.0234
08/02/2006;0.0234
09/02/2006;0.0234
10/02/2006;0.0234
13/02/2006;0.0234
14/02/2006;0.0234
15/02/2006;0.0234
16/02/2006;0.0234
17/02/2006;0.0234
20/02/2006;0.0234
21/02/2006;0.0234
22/02/2006;0.0234
23/02/2006;0.0235
24/02/2006;0.0235
27/02/2006;0.0236
28/02/2006;0.024
01/03/2006;0.0237
02/03/2006;0.0238
03/03/2006;0.0235
06/03/2006;0.0229
07/03/2006;0.0208
08/03/2006;0.0258
09/03/2006;0.0258
10/03/2006;0.0258
13/03/2006;0.0258
14/03/2006;0.0258
15/03/2006;0.0258
16/03/2006;0.0258
17/03/2006;0.0258
20/03/2006;0.0258
21/03/2006;0.0258
22/03/2006;0.0258
23/03/2006;0.0258
24/03/2006;0.0258
27/03/2006;0.0258
28/03/2006;0.0258
29/03/2006;0.0258
30/03/2006;0.0259
31/03/2006;0.0262
03/04/2006;0.0259
04/04/2006;0.0259
05/04/2006;0.0261
06/04/2006;0.0267
07/04/2006;0.0269
10/04/2006;0.0271
11/04/2006;0.0263
12/04/2006;0.026
13/04/2006;0.0261
14/04/2006;0.0261
17/04/2006;0.0261
18/04/2006;0.0261
19/04/2006;0.0261
20/04/2006;0.0262
21/04/2006;0.0262
24/04/2006;0.0262
25/04/2006;0.0263
26/04/2006;0.0263
27/04/2006;0.0262
28/04/2006;0.0265
01/05/2006;0.0265
02/05/2006;0.0262
03/05/2006;0.0259
04/05/2006;0.0249
05/05/2006;0.0239
08/05/2006;0.0243
09/05/2006;0.0252
10/05/2006;0.026
11/05/2006;0.0261
12/05/2006;0.0261
15/05/2006;0.0261
16/05/2006;0.026
17/05/2006;0.026
18/05/2006;0.026
19/05/2006;0.026
22/05/2006;0.026
23/05/2006;0.026
24/05/2006;0.026
25/05/2006;0.026
26/05/2006;0.026
29/05/2006;0.026
30/05/2006;0.026
31/05/2006;0.0262
01/06/2006;0.026
02/06/2006;0.0259
05/06/2006;0.0257
06/06/2006;0.0255
07/06/2006;0.0247
08/06/2006;0.0247
09/06/2006;0.0248
12/06/2006;0.025
13/06/2006;0.0252
14/06/2006;0.025
15/06/2006;0.0284
16/06/2006;0.0284
19/06/2006;0.0284
20/06/2006;0.0284
21/06/2006;0.0284
22/06/2006;0.0283
23/06/2006;0.0283
26/06/2006;0.0283
27/06/2006;0.0284
28/06/2006;0.0284
29/06/2006;0.0284
30/06/2006;0.0289
03/07/2006;0.0283
04/07/2006;0.0282
05/07/2006;0.0281
06/07/2006;0.028
07/07/2006;0.0278
10/07/2006;0.0278
11/07/2006;0.0276
12/07/2006;0.0283
13/07/2006;0.0283
14/07/2006;0.0283
17/07/2006;0.0283
18/07/2006;0.0283
19/07/2006;0.0283
20/07/2006;0.0283
21/07/2006;0.0283
24/07/2006;0.0283
25/07/2006;0.0283
26/07/2006;0.0282
27/07/2006;0.0281
28/07/2006;0.0278
31/07/2006;0.028
01/08/2006;0.0278
02/08/2006;0.0277
03/08/2006;0.0275
04/08/2006;0.027
07/08/2006;0.0268
08/08/2006;0.0273
09/08/2006;0.0307
10/08/2006;0.0307
11/08/2006;0.0307
14/08/2006;0.0307
15/08/2006;0.0307
16/08/2006;0.0307
17/08/2006;0.0307
18/08/2006;0.0307
21/08/2006;0.0307
22/08/2006;0.0306
23/08/2006;0.0305
24/08/2006;0.0303
25/08/2006;0.0301
28/08/2006;0.0301
29/08/2006;0.0301
30/08/2006;0.0302
31/08/2006;0.0304
01/09/2006;0.0301
04/09/2006;0.0298
05/09/2006;0.0304
06/09/2006;0.0306
07/09/2006;0.0306
08/09/2006;0.0306
11/09/2006;0.0306
12/09/2006;0.0306
13/09/2006;0.0305
14/09/2006;0.0305
15/09/2006;0.0305
18/09/2006;0.0305
19/09/2006;0.0304
20/09/2006;0.0304
21/09/2006;0.0302
22/09/2006;0.0301
25/09/2006;0.0301
26/09/2006;0.0302
27/09/2006;0.0304
28/09/2006;0.0305
29/09/2006;0.031
02/10/2006;0.0306
03/10/2006;0.031
04/10/2006;0.0319
05/10/2006;0.0324
06/10/2006;0.0325
09/10/2006;0.0319
10/10/2006;0.0309
11/10/2006;0.0331
12/10/2006;0.0331
13/10/2006;0.0331
16/10/2006;0.0332
17/10/2006;0.0332
18/10/2006;0.0332
19/10/2006;0.0333
20/10/2006;0.0333
23/10/2006;0.0333
24/10/2006;0.0334
25/10/2006;0.0334
26/10/2006;0.0335
27/10/2006;0.0335
30/10/2006;0.0336
31/10/2006;0.0338
01/11/2006;0.0333
02/11/2006;0.0336
03/11/2006;0.0335
06/11/2006;0.0333
07/11/2006;0.0332
08/11/2006;0.0333
09/11/2006;0.0333
10/11/2006;0.0333
13/11/2006;0.0333
14/11/2006;0.0333
15/11/2006;0.0333
16/11/2006;0.0332
17/11/2006;0.0332
20/11/2006;0.0332
21/11/2006;0.0332
22/11/2006;0.0332
23/11/2006;0.0332
24/11/2006;0.0332
27/11/2006;0.0332
28/11/2006;0.0332
29/11/2006;0.0332
30/11/2006;0.0334
01/12/2006;0.0332
04/12/2006;0.0332
05/12/2006;0.0332
06/12/2006;0.0331
07/12/2006;0.0328
08/12/2006;0.0329
11/12/2006;0.0335
12/12/2006;0.0336
13/12/2006;0.0357
14/12/2006;0.0358
15/12/2006;0.0359
18/12/2006;0.036
19/12/2006;0.0361
20/12/2006;0.0363
21/12/2006;0.0367
22/12/2006;0.0367
25/12/2006;0.0367
26/12/2006;0.0367
27/12/2006;0.0369
28/12/2006;0.0367
29/12/2006;0.0369
01/01/2007;0.0369
02/01/2007;0.036
03/01/2007;0.036
04/01/2007;0.036
05/01/2007;0.0359
08/01/2007;0.0358
09/01/2007;0.0356
10/01/2007;0.0353
11/01/2007;0.0352
12/01/2007;0.035
15/01/2007;0.0352
16/01/2007;0.035
17/01/2007;0.0357
18/01/2007;0.0357
19/01/2007;0.0357
22/01/2007;0.0357
23/01/2007;0.0357
24/01/2007;0.0357
25/01/2007;0.0357
26/01/2007;0.0357
29/01/2007;0.0357
30/01/2007;0.0357
31/01/2007;0.0359
01/02/2007;0.0357
02/02/2007;0.0356
05/02/2007;0.0356
06/02/2007;0.0355
07/02/2007;0.0353
08/02/2007;0.0353
09/02/2007;0.0354
12/02/2007;0.0355
13/02/2007;0.0371
14/02/2007;0.0357
15/02/2007;0.0357
16/02/2007;0.0357
19/02/2007;0.0357
20/02/2007;0.0357
21/02/2007;0.0357
22/02/2007;0.0357
23/02/2007;0.0357
26/02/2007;0.0357
27/02/2007;0.0356
28/02/2007;0.036
01/03/2007;0.0357
02/03/2007;0.0357
05/03/2007;0.0356
06/03/2007;0.0356
07/03/2007;0.0355
08/03/2007;0.0354
09/03/2007;0.0352
12/03/2007;0.0352
13/03/2007;0.0311
14/03/2007;0.0382
15/03/2007;0.0382
16/03/2007;0.0382
19/03/2007;0.0382
20/03/2007;0.0382
21/03/2007;0.0381
22/03/2007;0.0381
23/03/2007;0.0381
26/03/2007;0.0381
27/03/2007;0.0381
28/03/2007;0.0382
29/03/2007;0.0383
30/03/2007;0.039
02/04/2007;0.0383
03/04/2007;0.0384
04/04/2007;0.0384
05/04/2007;0.0386
06/04/2007;0.0386
09/04/2007;0.0386
10/04/2007;0.0383
11/04/2007;0.0383
12/04/2007;0.0382
13/04/2007;0.0373
16/04/2007;0.0369
17/04/2007;0.0379
18/04/2007;0.0383
19/04/2007;0.0383
20/04/2007;0.0383
23/04/2007;0.0383
24/04/2007;0.0383
25/04/2007;0.0383
26/04/2007;0.0383
27/04/2007;0.0383
30/04/2007;0.0387
01/05/2007;0.0387
02/05/2007;0.0384
03/05/2007;0.0384
04/05/2007;0.0383
07/05/2007;0.0383
08/05/2007;0.0381
09/05/2007;0.037
10/05/2007;0.0367
11/05/2007;0.0368
14/05/2007;0.0339
15/05/2007;0.0383
16/05/2007;0.0383
17/05/2007;0.0383
18/05/2007;0.0383
21/05/2007;0.0383
22/05/2007;0.0383
23/05/2007;0.0383
24/05/2007;0.0383
25/05/2007;0.0383
28/05/2007;0.0383
29/05/2007;0.0383
30/05/2007;0.0382
31/05/2007;0.0385
01/06/2007;0.038
04/06/2007;0.0376
05/06/2007;0.0373
06/06/2007;0.0368
07/06/2007;0.0369
08/06/2007;0.0382
11/06/2007;0.0381
12/06/2007;0.0379
13/06/2007;0.0408
14/06/2007;0.0408
15/06/2007;0.0407
18/06/2007;0.0407
19/06/2007;0.0407
20/06/2007;0.0406
21/06/2007;0.0406
22/06/2007;0.0406
25/06/2007;0.0407
26/06/2007;0.0407
27/06/2007;0.0408
28/06/2007;0.0408
29/06/2007;0.0414
02/07/2007;0.0407
03/07/2007;0.0404
04/07/2007;0.0401
05/07/2007;0.0405
06/07/2007;0.0406
09/07/2007;0.0406
10/07/2007;0.0407
11/07/2007;0.0407
12/07/2007;0.0407
13/07/2007;0.0407
16/07/2007;0.0407
17/07/2007;0.0407
18/07/2007;0.0407
19/07/2007;0.0407
20/07/2007;0.0407
23/07/2007;0.0407
24/07/2007;0.0407
25/07/2007;0.0407
26/07/2007;0.0407
27/07/2007;0.0406
30/07/2007;0.0405
31/07/2007;0.0408
01/08/2007;0.0405
02/08/2007;0.0404
03/08/2007;0.0405
06/08/2007;0.0407
07/08/2007;0.0423
08/08/2007;0.0409
09/08/2007;0.0422
10/08/2007;0.0414
13/08/2007;0.041
14/08/2007;0.0405
15/08/2007;0.0401
16/08/2007;0.04
17/08/2007;0.04
20/08/2007;0.0402
21/08/2007;0.0402
22/08/2007;0.0403
23/08/2007;0.0403
24/08/2007;0.0393
27/08/2007;0.0382
28/08/2007;0.0372
29/08/2007;0.0405
30/08/2007;0.0413
31/08/2007;0.0429
03/09/2007;0.04272
04/09/2007;0.04458
05/09/2007;0.04588
06/09/2007;0.0405
07/09/2007;0.03816
10/09/2007;0.03538
11/09/2007;0.03865
12/09/2007;0.04113
13/09/2007;0.03956
14/09/2007;0.03662
17/09/2007;0.03573
18/09/2007;0.03618
19/09/2007;0.04095
20/09/2007;0.04007
21/09/2007;0.04041
24/09/2007;0.04109
25/09/2007;0.04218
26/09/2007;0.04293
27/09/2007;0.04137
28/09/2007;0.04162
01/10/2007;0.03858
02/10/2007;0.03829
03/10/2007;0.03845
04/10/2007;0.03811
05/10/2007;0.03673
08/10/2007;0.03621
09/10/2007;0.03945
10/10/2007;0.03946
11/10/2007;0.03818
12/10/2007;0.0383
15/10/2007;0.0399
16/10/2007;0.04008
17/10/2007;0.04029
18/10/2007;0.04039
19/10/2007;0.0403
22/10/2007;0.04033
23/10/2007;0.04038
24/10/2007;0.04033
25/10/2007;0.04033
26/10/2007;0.04033
29/10/2007;0.04039
30/10/2007;0.04041
31/10/2007;0.04131
01/11/2007;0.04067
02/11/2007;0.04061
05/11/2007;0.04054
06/11/2007;0.04041
07/11/2007;0.04041
08/11/2007;0.04035
09/11/2007;0.03944
12/11/2007;0.03837
13/11/2007;0.03755
14/11/2007;0.04039
15/11/2007;0.04047
16/11/2007;0.04056
19/11/2007;0.04057
20/11/2007;0.04073
21/11/2007;0.04083
22/11/2007;0.04099
23/11/2007;0.04108
26/11/2007;0.04078
27/11/2007;0.04039
28/11/2007;0.03965
29/11/2007;0.0397
30/11/2007;0.04038
03/12/2007;0.03964
04/12/2007;0.03914
05/12/2007;0.03793
06/12/2007;0.03735
07/12/2007;0.03789
10/12/2007;0.03857
11/12/2007;0.04038
12/12/2007;0.04043
13/12/2007;0.04026
14/12/2007;0.03852
17/12/2007;0.03912
18/12/2007;0.03874
19/12/2007;0.0387
20/12/2007;0.03933
21/12/2007;0.03882
24/12/2007;0.03849
25/12/2007;0.03849
26/12/2007;0.03849
27/12/2007;0.03837
28/12/2007;0.03618
31/12/2007;0.03916
01/01/2008;0.03916
02/01/2008;0.03782
03/01/2008;0.03909
04/01/2008;0.04087
07/01/2008;0.04107
08/01/2008;0.04119
09/01/2008;0.04174
10/01/2008;0.04053
11/01/2008;0.03883
14/01/2008;0.03881
15/01/2008;0.04078
16/01/2008;0.04041
17/01/2008;0.04018
18/01/2008;0.03968
21/01/2008;0.03984
22/01/2008;0.03989
23/01/2008;0.03994
24/01/2008;0.04003
25/01/2008;0.04015
28/01/2008;0.04018
29/01/2008;0.04055
30/01/2008;0.04135
31/01/2008;0.04187
01/02/2008;0.04114
04/02/2008;0.04082
05/02/2008;0.04034
06/02/2008;0.04024
07/02/2008;0.04018
08/02/2008;0.04
11/02/2008;0.03999
12/02/2008;0.04103
13/02/2008;0.04035
14/02/2008;0.0403
15/02/2008;0.04008
18/02/2008;0.04013
19/02/2008;0.04014
20/02/2008;0.04016
21/02/2008;0.04015
22/02/2008;0.04008
25/02/2008;0.0401
26/02/2008;0.04008
27/02/2008;0.04006
28/02/2008;0.04007
29/02/2008;0.04041
03/03/2008;0.04009
04/03/2008;0.0401
05/03/2008;0.04013
06/03/2008;0.04019
07/03/2008;0.04047
10/03/2008;0.04128
11/03/2008;0.04229
12/03/2008;0.0404
13/03/2008;0.04029
14/03/2008;0.04026
17/03/2008;0.04046
18/03/2008;0.04083
19/03/2008;0.04188
20/03/2008;0.04133
21/03/2008;0.04133
24/03/2008;0.04133
25/03/2008;0.04193
26/03/2008;0.04187
27/03/2008;0.04125
28/03/2008;0.04065
31/03/2008;0.04159
01/04/2008;0.04025
02/04/2008;0.04035
03/04/2008;0.04006
04/04/2008;0.03942
07/04/2008;0.03913
08/04/2008;0.03895
09/04/2008;0.04023
10/04/2008;0.04014
11/04/2008;0.03973
14/04/2008;0.03988
15/04/2008;0.03783
16/04/2008;0.04005
17/04/2008;0.03989
18/04/2008;0.03921
21/04/2008;0.03877
22/04/2008;0.03892
23/04/2008;0.03977
24/04/2008;0.04027
25/04/2008;0.04056
28/04/2008;0.04069
29/04/2008;0.0409
30/04/2008;0.0421
01/05/2008;0.0421
02/05/2008;0.04082
05/05/2008;0.04065
06/05/2008;0.04062
07/05/2008;0.04048
08/05/2008;0.03979
09/05/2008;0.03793
12/05/2008;0.0373
13/05/2008;0.04004
14/05/2008;0.04036
15/05/2008;0.0402
16/05/2008;0.03999
19/05/2008;0.03994
20/05/2008;0.03982
21/05/2008;0.03987
22/05/2008;0.03996
23/05/2008;0.04024
26/05/2008;0.04043
27/05/2008;0.04062
28/05/2008;0.04076
29/05/2008;0.04107
30/05/2008;0.04114
02/06/2008;0.04044
03/06/2008;0.04037
04/06/2008;0.04001
05/06/2008;0.0398
06/06/2008;0.03963
09/06/2008;0.03975
10/06/2008;0.04179
11/06/2008;0.0404
12/06/2008;0.04036
13/06/2008;0.04022
16/06/2008;0.04027
17/06/2008;0.04022
18/06/2008;0.04014
19/06/2008;0.04003
20/06/2008;0.03988
23/06/2008;0.03997
24/06/2008;0.03993
25/06/2008;0.03957
26/06/2008;0.03892
27/06/2008;0.03706
30/06/2008;0.04265
01/07/2008;0.03916
02/07/2008;0.03925
03/07/2008;0.03938
04/07/2008;0.03941
07/07/2008;0.03913
08/07/2008;0.03792
09/07/2008;0.04285
10/07/2008;0.0428
11/07/2008;0.04273
14/07/2008;0.04277
15/07/2008;0.04277
16/07/2008;0.04285
17/07/2008;0.04282
18/07/2008;0.04281
21/07/2008;0.04286
22/07/2008;0.04293
23/07/2008;0.04296
24/07/2008;0.04297
25/07/2008;0.04292
28/07/2008;0.04297
29/07/2008;0.04286
30/07/2008;0.04296
31/07/2008;0.04381
01/08/2008;0.04289
04/08/2008;0.043
05/08/2008;0.04309
06/08/2008;0.04313
07/08/2008;0.04316
08/08/2008;0.04295
11/08/2008;0.04295
12/08/2008;0.04318
13/08/2008;0.04303
14/08/2008;0.04309
15/08/2008;0.04292
18/08/2008;0.04302
19/08/2008;0.04285
20/08/2008;0.04277
21/08/2008;0.04273
22/08/2008;0.04274
25/08/2008;0.04284
26/08/2008;0.04289
27/08/2008;0.04298
28/08/2008;0.04301
29/08/2008;0.04355
01/09/2008;0.04296
02/09/2008;0.043
03/09/2008;0.04308
04/09/2008;0.04309
05/09/2008;0.04309
08/09/2008;0.043
09/09/2008;0.03916
10/09/2008;0.04303
11/09/2008;0.04306
12/09/2008;0.04298
15/09/2008;0.04465
16/09/2008;0.04216
17/09/2008;0.04421
18/09/2008;0.04374
19/09/2008;0.04378
22/09/2008;0.0438
23/09/2008;0.04469
24/09/2008;0.04257
25/09/2008;0.04285
26/09/2008;0.04028
29/09/2008;0.03922
30/09/2008;0.04173
01/10/2008;0.04193
02/10/2008;0.04203
03/10/2008;0.0414
06/10/2008;0.04388
07/10/2008;0.04601
08/10/2008;0.0451
09/10/2008;0.03971
10/10/2008;0.03846
13/10/2008;0.03757
14/10/2008;0.03696
15/10/2008;0.03697
16/10/2008;0.03635
17/10/2008;0.03615
20/10/2008;0.03597
21/10/2008;0.03572
22/10/2008;0.03569
23/10/2008;0.03567
24/10/2008;0.03566
27/10/2008;0.03525
28/10/2008;0.03537
29/10/2008;0.03535
30/10/2008;0.03548
31/10/2008;0.03587
03/11/2008;0.0348
04/11/2008;0.03454
05/11/2008;0.03442
06/11/2008;0.03423
07/11/2008;0.03432
10/11/2008;0.03453
11/11/2008;0.0366
12/11/2008;0.03138
13/11/2008;0.03078
14/11/2008;0.03031
17/11/2008;0.02999
18/11/2008;0.02957
19/11/2008;0.02922
20/11/2008;0.02913
21/11/2008;0.02904
24/11/2008;0.02937
25/11/2008;0.02931
26/11/2008;0.02934
27/11/2008;0.02948
28/11/2008;0.02968
01/12/2008;0.02934
02/12/2008;0.02911
03/12/2008;0.02919
04/12/2008;0.02896
05/12/2008;0.02894
08/12/2008;0.02867
09/12/2008;0.02941
10/12/2008;0.02347
11/12/2008;0.02322
12/12/2008;0.02306
15/12/2008;0.02293
16/12/2008;0.02303
17/12/2008;0.02249
18/12/2008;0.02237
19/12/2008;0.02234
22/12/2008;0.02235
23/12/2008;0.02251
24/12/2008;0.02225
25/12/2008;0.02225
26/12/2008;0.02225
29/12/2008;0.02234
30/12/2008;0.02265
31/12/2008;0.02352
01/01/2009;0.02352
02/01/2009;0.02221
05/01/2009;0.02212
06/01/2009;0.02177
07/01/2009;0.02181
08/01/2009;0.02159
09/01/2009;0.0215
12/01/2009;0.02144
13/01/2009;0.02123
14/01/2009;0.02115
15/01/2009;0.02117
16/01/2009;0.0211
19/01/2009;0.0212
20/01/2009;0.02147
21/01/2009;0.01498
22/01/2009;0.01248
23/01/2009;0.01204
26/01/2009;0.01228
27/01/2009;0.01193
28/01/2009;0.01209
29/01/2009;0.01228
30/01/2009;0.01273
02/02/2009;0.01211
03/02/2009;0.01219
04/02/2009;0.01201
05/02/2009;0.01186
06/02/2009;0.01191
09/02/2009;0.01187
10/02/2009;0.01291
11/02/2009;0.01245
12/02/2009;0.01229
13/02/2009;0.01235
16/02/2009;0.01243
17/02/2009;0.01281
18/02/2009;0.01281
19/02/2009;0.01281
20/02/2009;0.01295
23/02/2009;0.01302
24/02/2009;0.01289
25/02/2009;0.01295
26/02/2009;0.01306
27/02/2009;0.01374
02/03/2009;0.0128
03/03/2009;0.01284
04/03/2009;0.01283
05/03/2009;0.01277
06/03/2009;0.01261
09/03/2009;0.01243
10/03/2009;0.01335
11/03/2009;0.00845
12/03/2009;0.00851
13/03/2009;0.00855
16/03/2009;0.00865
17/03/2009;0.00885
18/03/2009;0.00888
19/03/2009;0.00901
20/03/2009;0.0092
23/03/2009;0.00937
24/03/2009;0.00931
25/03/2009;0.00971
26/03/2009;0.00979
27/03/2009;0.00972
30/03/2009;0.00964
31/03/2009;0.01636
01/04/2009;0.0096
02/04/2009;0.00891
03/04/2009;0.00826
06/04/2009;0.00786
07/04/2009;0.01006
08/04/2009;0.00858
09/04/2009;0.00958
10/04/2009;0.00958
13/04/2009;0.00958
14/04/2009;0.00891
15/04/2009;0.0092
16/04/2009;0.00974
17/04/2009;0.00964
20/04/2009;0.00978
21/04/2009;0.01
22/04/2009;0.00954
23/04/2009;0.00853
24/04/2009;0.00699
27/04/2009;0.00638
28/04/2009;0.00583
29/04/2009;0.00511
30/04/2009;0.00588
01/05/2009;0.00588
04/05/2009;0.005
05/05/2009;0.00523
06/05/2009;0.00532
07/05/2009;0.00519
08/05/2009;0.00512
11/05/2009;0.00486
12/05/2009;0.00851
13/05/2009;0.00729
14/05/2009;0.00717
15/05/2009;0.00728
18/05/2009;0.00769
19/05/2009;0.00838
20/05/2009;0.00922
21/05/2009;0.00924
22/05/2009;0.01082
25/05/2009;0.01122
26/05/2009;0.01146
27/05/2009;0.0101
28/05/2009;0.00901
29/05/2009;0.00831
01/06/2009;0.00687
02/06/2009;0.00607
03/06/2009;0.0058
04/06/2009;0.00581
05/06/2009;0.0055
08/06/2009;0.00502
09/06/2009;0.00737
10/06/2009;0.00797
11/06/2009;0.00788
12/06/2009;0.00837
15/06/2009;0.00847
16/06/2009;0.00856
17/06/2009;0.00852
18/06/2009;0.00843
19/06/2009;0.00793
22/06/2009;0.0076
23/06/2009;0.00752
24/06/2009;0.01386
25/06/2009;0.00432
26/06/2009;0.00388
29/06/2009;0.00381
30/06/2009;0.00401
01/07/2009;0.00344
02/07/2009;0.0036
03/07/2009;0.00328
06/07/2009;0.00332
07/07/2009;0.00476
08/07/2009;0.00362
09/07/2009;0.0036
10/07/2009;0.0034
13/07/2009;0.00353
14/07/2009;0.00363
15/07/2009;0.00345
16/07/2009;0.00358
17/07/2009;0.00356
20/07/2009;0.00354
21/07/2009;0.00365
22/07/2009;0.00366
23/07/2009;0.00355
24/07/2009;0.00346
27/07/2009;0.00345
28/07/2009;0.00349
29/07/2009;0.00349
30/07/2009;0.0036
31/07/2009;0.00358
03/08/2009;0.00346
04/08/2009;0.00351
05/08/2009;0.00343
06/08/2009;0.00334
07/08/2009;0.00341
10/08/2009;0.00332
11/08/2009;0.00473
12/08/2009;0.00339
13/08/2009;0.00342
14/08/2009;0.00338
17/08/2009;0.00348
18/08/2009;0.00345
19/08/2009;0.00343
20/08/2009;0.00333
21/08/2009;0.0034
24/08/2009;0.00347
25/08/2009;0.00346
26/08/2009;0.00341
27/08/2009;0.00342
28/08/2009;0.00334
31/08/2009;0.00339
01/09/2009;0.00334
02/09/2009;0.00334
03/09/2009;0.00329
04/09/2009;0.00333
07/09/2009;0.00338
08/09/2009;0.00535
09/09/2009;0.00332
10/09/2009;0.00338
11/09/2009;0.0034
14/09/2009;0.0035
15/09/2009;0.00355
16/09/2009;0.00369
17/09/2009;0.00359
18/09/2009;0.00366
21/09/2009;0.0035
22/09/2009;0.00355
23/09/2009;0.00344
24/09/2009;0.00347
25/09/2009;0.00342
28/09/2009;0.00353
29/09/2009;0.00354
30/09/2009;0.00533
01/10/2009;0.0034
02/10/2009;0.00361
05/10/2009;0.00354
06/10/2009;0.0037
07/10/2009;0.00336
08/10/2009;0.0033
09/10/2009;0.00333
12/10/2009;0.00335
13/10/2009;0.0057
14/10/2009;0.00367
15/10/2009;0.0034
16/10/2009;0.00343
19/10/2009;0.0035
20/10/2009;0.00352
21/10/2009;0.00347
22/10/2009;0.00347
23/10/2009;0.00343
26/10/2009;0.0034
27/10/2009;0.00339
28/10/2009;0.00349
29/10/2009;0.00348
30/10/2009;0.00397
02/11/2009;0.00328
03/11/2009;0.00324
04/11/2009;0.00331
05/11/2009;0.00333
06/11/2009;0.00326
09/11/2009;0.00331
10/11/2009;0.0069
11/11/2009;0.00339
12/11/2009;0.00343
13/11/2009;0.00356
16/11/2009;0.00347
17/11/2009;0.00344
18/11/2009;0.0035
19/11/2009;0.0035
20/11/2009;0.0035
23/11/2009;0.0035
24/11/2009;0.00346
25/11/2009;0.00349
26/11/2009;0.00355
27/11/2009;0.00342
30/11/2009;0.00426
01/12/2009;0.00344
02/12/2009;0.00349
03/12/2009;0.00336
04/12/2009;0.00339
07/12/2009;0.00642
08/12/2009;0.00351
09/12/2009;0.00352
10/12/2009;0.00351
11/12/2009;0.00353
14/12/2009;0.00352
15/12/2009;0.00352
16/12/2009;0.00347
17/12/2009;0.00343
18/12/2009;0.00343
21/12/2009;0.00332
22/12/2009;0.00323
23/12/2009;0.00299
24/12/2009;0.00302
25/12/2009;0.00302
28/12/2009;0.00334
29/12/2009;0.00326
30/12/2009;0.00321
31/12/2009;0.0041
01/01/2010;0.0041
04/01/2010;0.00341
05/01/2010;0.00325
06/01/2010;0.00322
07/01/2010;0.00351
08/01/2010;0.00347
11/01/2010;0.00336
12/01/2010;0.00333
13/01/2010;0.00325
14/01/2010;0.00318
15/01/2010;0.00316
18/01/2010;0.00328
19/01/2010;0.00585
20/01/2010;0.00335
21/01/2010;0.00327
22/01/2010;0.00322
25/01/2010;0.00339
26/01/2010;0.00331
27/01/2010;0.00335
28/01/2010;0.00338
29/01/2010;0.00326
01/02/2010;0.0032
02/02/2010;0.0033
03/02/2010;0.00323
04/02/2010;0.00318
05/02/2010;0.00312
08/02/2010;0.00315
09/02/2010;0.00642
10/02/2010;0.0032
11/02/2010;0.00318
12/02/2010;0.00318
15/02/2010;0.00319
16/02/2010;0.0032
17/02/2010;0.00322
18/02/2010;0.00329
19/02/2010;0.0033
22/02/2010;0.00335
23/02/2010;0.00338
24/02/2010;0.00341
25/02/2010;0.00343
26/02/2010;0.00319
01/03/2010;0.00314
02/03/2010;0.00319
03/03/2010;0.00319
04/03/2010;0.00324
05/03/2010;0.00316
08/03/2010;0.00312
09/03/2010;0.00643
10/03/2010;0.00326
11/03/2010;0.00346
12/03/2010;0.00337
15/03/2010;0.00333
16/03/2010;0.00321
17/03/2010;0.00328
18/03/2010;0.00332
19/03/2010;0.00338
22/03/2010;0.00342
23/03/2010;0.00348
24/03/2010;0.0033
25/03/2010;0.00343
26/03/2010;0.00334
29/03/2010;0.00342
30/03/2010;0.00348
31/03/2010;0.00401
01/04/2010;0.00325
02/04/2010;0.00325
05/04/2010;0.00325
06/04/2010;0.00319
07/04/2010;0.00329
08/04/2010;0.00332
09/04/2010;0.00325
12/04/2010;0.00342
13/04/2010;0.00658
14/04/2010;0.00337
15/04/2010;0.00338
16/04/2010;0.00334
19/04/2010;0.00339
20/04/2010;0.00343
21/04/2010;0.00343
22/04/2010;0.00339
23/04/2010;0.00338
26/04/2010;0.00345
27/04/2010;0.00346
28/04/2010;0.00347
29/04/2010;0.00349
30/04/2010;0.00337
03/05/2010;0.00339
04/05/2010;0.0034
05/05/2010;0.00344
06/05/2010;0.00335
07/05/2010;0.00321
10/05/2010;0.00341
11/05/2010;0.00645
12/05/2010;0.00307
13/05/2010;0.00307
14/05/2010;0.00339
17/05/2010;0.00325
18/05/2010;0.00327
19/05/2010;0.00329
20/05/2010;0.00342
21/05/2010;0.00303
24/05/2010;0.00303
25/05/2010;0.00337
26/05/2010;0.00339
27/05/2010;0.00331
28/05/2010;0.00338
31/05/2010;0.0033
01/06/2010;0.00329
02/06/2010;0.003
03/06/2010;0.00295
04/06/2010;0.00322
07/06/2010;0.00324
08/06/2010;0.00318
09/06/2010;0.00332
10/06/2010;0.00334
11/06/2010;0.00326
14/06/2010;0.00318
15/06/2010;0.00665
16/06/2010;0.00341
17/06/2010;0.00354
18/06/2010;0.00368
21/06/2010;0.00347
22/06/2010;0.0035
23/06/2010;0.00328
24/06/2010;0.00329
25/06/2010;0.00321
28/06/2010;0.00326
29/06/2010;0.00325
30/06/2010;0.00542
01/07/2010;0.0048
02/07/2010;0.00437
05/07/2010;0.00405
06/07/2010;0.00424
07/07/2010;0.00414
08/07/2010;0.00398
09/07/2010;0.00394
12/07/2010;0.00393
13/07/2010;0.0075
14/07/2010;0.00444
15/07/2010;0.00488
16/07/2010;0.00556
19/07/2010;0.00555
20/07/2010;0.00554
21/07/2010;0.00528
22/07/2010;0.00524
23/07/2010;0.005
26/07/2010;0.00497
27/07/2010;0.0049
28/07/2010;0.00478
29/07/2010;0.00453
30/07/2010;0.00423
02/08/2010;0.00399
03/08/2010;0.00377
04/08/2010;0.00365
05/08/2010;0.00363
06/08/2010;0.00349
09/08/2010;0.00344
10/08/2010;0.00769
11/08/2010;0.00477
12/08/2010;0.00464
13/08/2010;0.00449
16/08/2010;0.00448
17/08/2010;0.00443
18/08/2010;0.0044
19/08/2010;0.0043
20/08/2010;0.00428
23/08/2010;0.00423
24/08/2010;0.0041
25/08/2010;0.00411
26/08/2010;0.00408
27/08/2010;0.0039
30/08/2010;0.00384
31/08/2010;0.00392
01/09/2010;0.0037
02/09/2010;0.00364
03/09/2010;0.0036
06/09/2010;0.00377
07/09/2010;0.00695
08/09/2010;0.00423
09/09/2010;0.00419
10/09/2010;0.00415
13/09/2010;0.00422
14/09/2010;0.00438
15/09/2010;0.00455
16/09/2010;0.00455
17/09/2010;0.00448
20/09/2010;0.00446
21/09/2010;0.0044
22/09/2010;0.00438
23/09/2010;0.00439
24/09/2010;0.00434
27/09/2010;0.0043
28/09/2010;0.00425
29/09/2010;0.00408
30/09/2010;0.00878
01/10/2010;0.00721
04/10/2010;0.0067
05/10/2010;0.00516
06/10/2010;0.00438
07/10/2010;0.00402
08/10/2010;0.00396
11/10/2010;0.0039
12/10/2010;0.00762
13/10/2010;0.00726
14/10/2010;0.00742
15/10/2010;0.00745
18/10/2010;0.00778
19/10/2010;0.0081
20/10/2010;0.00843
21/10/2010;0.00862
22/10/2010;0.00849
25/10/2010;0.00859
26/10/2010;0.0086
27/10/2010;0.00849
28/10/2010;0.00785
29/10/2010;0.00724
01/11/2010;0.00683
02/11/2010;0.00664
03/11/2010;0.00579
04/11/2010;0.00456
05/11/2010;0.00365
08/11/2010;0.00371
09/11/2010;0.00729
10/11/2010;0.00805
11/11/2010;0.00798
12/11/2010;0.00791
15/11/2010;0.00764
16/11/2010;0.00745
17/11/2010;0.00707
18/11/2010;0.00632
19/11/2010;0.00545
22/11/2010;0.00521
23/11/2010;0.00514
24/11/2010;0.00482
25/11/2010;0.00474
26/11/2010;0.00446
29/11/2010;0.00428
30/11/2010;0.00539
01/12/2010;0.00468
02/12/2010;0.00462
03/12/2010;0.00414
06/12/2010;0.00386
07/12/2010;0.00738
08/12/2010;0.00721
09/12/2010;0.00646
10/12/2010;0.00627
13/12/2010;0.00588
14/12/2010;0.00566
15/12/2010;0.00508
16/12/2010;0.00453
17/12/2010;0.00432
20/12/2010;0.00398
21/12/2010;0.00391
22/12/2010;0.00379
23/12/2010;0.00356
24/12/2010;0.00396
27/12/2010;0.00441
28/12/2010;0.00447
29/12/2010;0.0043
30/12/2010;0.00393
31/12/2010;0.00817
03/01/2011;0.00421
04/01/2011;0.00422
05/01/2011;0.00397
06/01/2011;0.00379
07/01/2011;0.0038
10/01/2011;0.00389
11/01/2011;0.00376
12/01/2011;0.00376
13/01/2011;0.00375
14/01/2011;0.00361
17/01/2011;0.00367
18/01/2011;0.00814
19/01/2011;0.00705
20/01/2011;0.00713
21/01/2011;0.00824
24/01/2011;0.00916
25/01/2011;0.01035
26/01/2011;0.01172
27/01/2011;0.01063
28/01/2011;0.0104
31/01/2011;0.01313
01/02/2011;0.01318
02/02/2011;0.00792
03/02/2011;0.00526
04/02/2011;0.00365
07/02/2011;0.00347
08/02/2011;0.00677
09/02/2011;0.01093
10/02/2011;0.01023
11/02/2011;0.00924
14/02/2011;0.00827
15/02/2011;0.00749
16/02/2011;0.007
17/02/2011;0.00625
18/02/2011;0.00504
21/02/2011;0.00497
22/02/2011;0.00531
23/02/2011;0.00661
24/02/2011;0.00666
25/02/2011;0.00628
28/02/2011;0.00689
01/03/2011;0.00602
02/03/2011;0.00472
03/03/2011;0.00376
04/03/2011;0.00381
07/03/2011;0.00447
08/03/2011;0.00807
09/03/2011;0.0084
10/03/2011;0.00799
11/03/2011;0.00747
14/03/2011;0.0073
15/03/2011;0.00718
16/03/2011;0.00706
17/03/2011;0.007
18/03/2011;0.0071
21/03/2011;0.00695
22/03/2011;0.00692
23/03/2011;0.00695
24/03/2011;0.00672
25/03/2011;0.00635
28/03/2011;0.00622
29/03/2011;0.00612
30/03/2011;0.0059
31/03/2011;0.00902
01/04/2011;0.00588
04/04/2011;0.0058
05/04/2011;0.00583
06/04/2011;0.00559
07/04/2011;0.00554
08/04/2011;0.0054
11/04/2011;0.00531
12/04/2011;0.00802
13/04/2011;0.01139
14/04/2011;0.01146
15/04/2011;0.0114
18/04/2011;0.01129
19/04/2011;0.01131
20/04/2011;0.01215
21/04/2011;0.01434
22/04/2011;0.01434
25/04/2011;0.01434
26/04/2011;0.01297
27/04/2011;0.01286
28/04/2011;0.01282
29/04/2011;0.0142
02/05/2011;0.01289
03/05/2011;0.0126
04/05/2011;0.01045
05/05/2011;0.00854
06/05/2011;0.0059
09/05/2011;0.00595
10/05/2011;0.00927
11/05/2011;0.01051
12/05/2011;0.01061
13/05/2011;0.0111
16/05/2011;0.01129
17/05/2011;0.01133
18/05/2011;0.01152
19/05/2011;0.01161
20/05/2011;0.01158
23/05/2011;0.0116
24/05/2011;0.01138
25/05/2011;0.01125
26/05/2011;0.01075
27/05/2011;0.00921
30/05/2011;0.00847
31/05/2011;0.00953
01/06/2011;0.00849
02/06/2011;0.00876
03/06/2011;0.00886
06/06/2011;0.0088
07/06/2011;0.00898
08/06/2011;0.01065
09/06/2011;0.01296
10/06/2011;0.01549
13/06/2011;0.01404
14/06/2011;0.01185
15/06/2011;0.01269
16/06/2011;0.01303
17/06/2011;0.01338
20/06/2011;0.01336
21/06/2011;0.01307
22/06/2011;0.01091
23/06/2011;0.00946
24/06/2011;0.00858
27/06/2011;0.00846
28/06/2011;0.00839
29/06/2011;0.00993
30/06/2011;0.01715
01/07/2011;0.00909
04/07/2011;0.00815
05/07/2011;0.00707
06/07/2011;0.00598
07/07/2011;0.00596
08/07/2011;0.00592
11/07/2011;0.006
12/07/2011;0.01016
13/07/2011;0.01476
14/07/2011;0.01461
15/07/2011;0.01484
18/07/2011;0.01489
19/07/2011;0.01467
20/07/2011;0.012
21/07/2011;0.01078
22/07/2011;0.0097
25/07/2011;0.00975
26/07/2011;0.00991
27/07/2011;0.00953
28/07/2011;0.00899
29/07/2011;0.00972
01/08/2011;0.00912
02/08/2011;0.00941
03/08/2011;0.00858
04/08/2011;0.00851
05/08/2011;0.00846
08/08/2011;0.0086
09/08/2011;0.01211
10/08/2011;0.01006
11/08/2011;0.00903
12/08/2011;0.0088
15/08/2011;0.00874
16/08/2011;0.00885
17/08/2011;0.00876
18/08/2011;0.00883
19/08/2011;0.0089
22/08/2011;0.00908
23/08/2011;0.009
24/08/2011;0.00896
25/08/2011;0.0089
26/08/2011;0.00874
29/08/2011;0.00869
30/08/2011;0.00865
31/08/2011;0.00955
01/09/2011;0.00884
02/09/2011;0.00868
05/09/2011;0.00873
06/09/2011;0.00871
07/09/2011;0.0087
08/09/2011;0.00863
09/09/2011;0.0085
12/09/2011;0.00857
13/09/2011;0.01214
14/09/2011;0.0093
15/09/2011;0.00952
16/09/2011;0.01112
19/09/2011;0.01041
20/09/2011;0.01061
21/09/2011;0.01061
22/09/2011;0.0104
23/09/2011;0.01055
26/09/2011;0.01058
27/09/2011;0.01071
28/09/2011;0.01069
29/09/2011;0.01057
30/09/2011;0.01463
03/10/2011;0.01071
04/10/2011;0.00997
05/10/2011;0.0097
06/10/2011;0.00947
07/10/2011;0.00919
10/10/2011;0.00892
11/10/2011;0.0122
12/10/2011;0.00986
13/10/2011;0.00958
14/10/2011;0.0093
17/10/2011;0.00928
18/10/2011;0.00924
19/10/2011;0.00949
20/10/2011;0.00932
21/10/2011;0.00937
24/10/2011;0.00934
25/10/2011;0.00932
26/10/2011;0.00946
27/10/2011;0.00923
28/10/2011;0.00919
31/10/2011;0.00937
01/11/2011;0.00872
02/11/2011;0.00899
03/11/2011;0.00909
04/11/2011;0.00892
07/11/2011;0.00885
08/11/2011;0.01219
09/11/2011;0.00769
10/11/2011;0.00736
11/11/2011;0.00733
14/11/2011;0.00738
15/11/2011;0.00733
16/11/2011;0.00728
17/11/2011;0.00709
18/11/2011;0.00722
21/11/2011;0.00705
22/11/2011;0.00724
23/11/2011;0.00722
24/11/2011;0.00719
25/11/2011;0.0073
28/11/2011;0.00713
29/11/2011;0.00718
30/11/2011;0.00805
01/12/2011;0.00736
02/12/2011;0.00725
05/12/2011;0.00733
06/12/2011;0.00755
07/12/2011;0.00747
08/12/2011;0.00727
09/12/2011;0.00735
12/12/2011;0.00696
13/12/2011;0.01018
14/12/2011;0.00579
15/12/2011;0.00571
16/12/2011;0.00569
19/12/2011;0.00583
20/12/2011;0.00605
21/12/2011;0.00611
22/12/2011;0.00509
23/12/2011;0.00422
26/12/2011;0.00422
27/12/2011;0.00417
28/12/2011;0.00402
29/12/2011;0.00399
30/12/2011;0.00629
02/01/2012;0.0039
03/01/2012;0.00396
04/01/2012;0.00395
05/01/2012;0.00369
06/01/2012;0.00357
09/01/2012;0.00372
10/01/2012;0.00371
11/01/2012;0.00375
12/01/2012;0.00378
13/01/2012;0.00385
16/01/2012;0.00386
17/01/2012;0.00379
18/01/2012;0.00391
19/01/2012;0.00374
20/01/2012;0.00394
23/01/2012;0.00371
24/01/2012;0.00378
25/01/2012;0.00379
26/01/2012;0.00377
27/01/2012;0.00379
30/01/2012;0.00385
31/01/2012;0.0038
01/02/2012;0.00363
02/02/2012;0.00366
03/02/2012;0.00377
06/02/2012;0.00366
07/02/2012;0.00367
08/02/2012;0.00362
09/02/2012;0.00367
10/02/2012;0.00362
13/02/2012;0.00364
14/02/2012;0.00371
15/02/2012;0.00371
16/02/2012;0.00371
17/02/2012;0.00364
20/02/2012;0.0036
21/02/2012;0.00362
22/02/2012;0.00359
23/02/2012;0.00364
24/02/2012;0.00368
27/02/2012;0.0036
28/02/2012;0.0036
29/02/2012;0.00374
01/03/2012;0.0037
02/03/2012;0.0036
05/03/2012;0.00351
06/03/2012;0.00342
07/03/2012;0.00355
08/03/2012;0.00359
09/03/2012;0.00362
12/03/2012;0.00355
13/03/2012;0.00355
14/03/2012;0.00363
15/03/2012;0.00356
16/03/2012;0.00361
19/03/2012;0.00359
20/03/2012;0.0035
21/03/2012;0.00348
22/03/2012;0.00352
23/03/2012;0.00359
26/03/2012;0.00349
27/03/2012;0.00353
28/03/2012;0.00352
29/03/2012;0.00349
30/03/2012;0.00349
02/04/2012;0.00347
03/04/2012;0.00343
04/04/2012;0.00353
05/04/2012;0.00352
06/04/2012;0.00352
09/04/2012;0.00352
10/04/2012;0.00347
11/04/2012;0.0035
12/04/2012;0.00341
13/04/2012;0.00346
16/04/2012;0.00346
17/04/2012;0.00349
18/04/2012;0.00346
19/04/2012;0.00347
20/04/2012;0.00344
23/04/2012;0.00338
24/04/2012;0.00338
25/04/2012;0.00337
26/04/2012;0.00343
27/04/2012;0.00346
30/04/2012;0.00344
01/05/2012;0.00344
02/05/2012;0.00343
03/05/2012;0.00343
04/05/2012;0.00343
07/05/2012;0.00348
08/05/2012;0.00346
09/05/2012;0.00344
10/05/2012;0.00348
11/05/2012;0.00341
14/05/2012;0.00346
15/05/2012;0.0034
16/05/2012;0.0033
17/05/2012;0.0032
18/05/2012;0.00337
21/05/2012;0.00337
22/05/2012;0.00336
23/05/2012;0.00335
24/05/2012;0.00335
25/05/2012;0.00323
28/05/2012;0.00322
29/05/2012;0.00335
30/05/2012;0.00333
31/05/2012;0.00329
01/06/2012;0.00337
04/06/2012;0.00332
05/06/2012;0.00335
06/06/2012;0.0031
07/06/2012;0.00312
08/06/2012;0.00331
11/06/2012;0.00336
12/06/2012;0.00336
13/06/2012;0.00335
14/06/2012;0.00331
15/06/2012;0.00329
18/06/2012;0.00334
19/06/2012;0.00333
20/06/2012;0.00326
21/06/2012;0.00329
22/06/2012;0.00325
25/06/2012;0.00328
26/06/2012;0.0033
27/06/2012;0.00331
28/06/2012;0.00331
29/06/2012;0.00331
02/07/2012;0.00329
03/07/2012;0.00332
04/07/2012;0.00332
05/07/2012;0.00331
06/07/2012;0.00329
09/07/2012;0.00325
10/07/2012;0.00323
11/07/2012;0.00131
12/07/2012;0.00128
13/07/2012;0.00117
16/07/2012;0.00114
17/07/2012;0.00119
18/07/2012;0.00119
19/07/2012;0.0012
20/07/2012;0.00115
23/07/2012;0.00116
24/07/2012;0.00113
25/07/2012;0.00114
26/07/2012;0.00112
27/07/2012;0.00111
30/07/2012;0.00112
31/07/2012;0.00111
01/08/2012;0.00112
02/08/2012;0.00109
03/08/2012;0.00111
06/08/2012;0.00109
07/08/2012;0.00111
08/08/2012;0.00116
09/08/2012;0.00123
10/08/2012;0.00115
13/08/2012;0.00112
14/08/2012;0.0011
15/08/2012;0.00112
16/08/2012;0.00111
17/08/2012;0.00112
20/08/2012;0.00109
21/08/2012;0.00103
22/08/2012;0.00103
23/08/2012;0.00108
24/08/2012;0.00107
27/08/2012;0.0011
28/08/2012;0.00111
29/08/2012;0.00102
30/08/2012;0.00106
31/08/2012;0.0011
03/09/2012;0.00108
04/09/2012;0.00102
05/09/2012;0.00107
06/09/2012;0.00108
07/09/2012;0.00105
10/09/2012;0.00101
11/09/2012;0.001
12/09/2012;0.00101
13/09/2012;0.00103
14/09/2012;0.00095
17/09/2012;0.00089
18/09/2012;0.001
19/09/2012;0.0009
20/09/2012;0.00097
21/09/2012;0.00095
24/09/2012;0.00095
25/09/2012;0.00092
26/09/2012;0.00096
27/09/2012;0.00095
28/09/2012;0.00107
01/10/2012;0.00095
02/10/2012;0.00087
03/10/2012;0.00085
04/10/2012;0.00095
05/10/2012;0.00093
08/10/2012;0.00094
09/10/2012;0.00091
10/10/2012;0.00092
11/10/2012;0.00095
12/10/2012;0.00092
15/10/2012;0.00096
16/10/2012;0.00091
17/10/2012;0.00093
18/10/2012;0.00093
19/10/2012;0.00095
22/10/2012;0.00092
23/10/2012;0.00088
24/10/2012;0.00089
25/10/2012;0.00089
26/10/2012;0.00086
29/10/2012;0.00089
30/10/2012;0.00088
31/10/2012;0.00078
01/11/2012;0.00079
02/11/2012;0.0009
05/11/2012;0.00089
06/11/2012;0.0009
07/11/2012;0.0009
08/11/2012;0.00087
09/11/2012;0.00072
12/11/2012;0.00082
13/11/2012;0.0008
14/11/2012;0.00077
15/11/2012;0.00078
16/11/2012;0.00079
19/11/2012;0.00077
20/11/2012;0.00074
21/11/2012;0.00072
22/11/2012;0.00071
23/11/2012;0.00074
26/11/2012;0.00072
27/11/2012;0.00072
28/11/2012;0.00073
29/11/2012;0.00072
30/11/2012;0.00077
03/12/2012;0.00077
04/12/2012;0.00073
05/12/2012;0.00069
06/12/2012;0.00072
07/12/2012;0.00072
10/12/2012;0.00069
11/12/2012;0.00067
12/12/2012;0.00066
13/12/2012;0.00071
14/12/2012;0.00074
17/12/2012;0.00071
18/12/2012;0.00072
19/12/2012;0.0007
20/12/2012;0.00069
21/12/2012;0.0006
24/12/2012;0.00061
25/12/2012;0.00061
26/12/2012;0.00061
27/12/2012;0.00072
28/12/2012;0.00079
31/12/2012;0.00079
01/01/2013;0.00079
02/01/2013;0.00062
03/01/2013;0.00066
04/01/2013;0.00068
07/01/2013;0.00066
08/01/2013;0.00067
09/01/2013;0.00069
10/01/2013;0.00069
11/01/2013;0.00067
14/01/2013;0.00065
15/01/2013;0.00064
16/01/2013;0.00067
17/01/2013;0.00068
18/01/2013;0.00068
21/01/2013;0.00068
22/01/2013;0.00069
23/01/2013;0.00068
24/01/2013;0.00068
25/01/2013;0.00071
28/01/2013;0.00073
29/01/2013;0.00074
30/01/2013;0.00081
31/01/2013;0.0008
01/02/2013;0.00081
04/02/2013;0.00079
05/02/2013;0.00074
06/02/2013;0.00067
07/02/2013;0.00068
08/02/2013;0.00068
11/02/2013;0.00072
12/02/2013;0.00073
13/02/2013;0.00064
14/02/2013;0.00066
15/02/2013;0.0006
18/02/2013;0.00058
19/02/2013;0.00062
20/02/2013;0.00069
21/02/2013;0.0007
22/02/2013;0.00071
25/02/2013;0.00064
26/02/2013;0.00065
27/02/2013;0.00056
28/02/2013;0.00066
01/03/2013;0.00059
04/03/2013;0.0006
05/03/2013;0.00061
06/03/2013;0.0007
07/03/2013;0.00063
08/03/2013;0.0006
11/03/2013;0.00064
12/03/2013;0.00068
13/03/2013;0.00068
14/03/2013;0.00068
15/03/2013;0.0007
18/03/2013;0.00069
19/03/2013;0.00064
20/03/2013;0.00065
21/03/2013;0.00062
22/03/2013;0.00061
25/03/2013;0.00064
26/03/2013;0.00064
27/03/2013;0.00067
28/03/2013;0.00067
29/03/2013;0.00067
01/04/2013;0.00067
02/04/2013;0.0007
03/04/2013;0.00072
04/04/2013;0.00074
05/04/2013;0.00075
08/04/2013;0.00082
09/04/2013;0.00078
10/04/2013;0.00082
11/04/2013;0.00086
12/04/2013;0.00082
15/04/2013;0.00083
16/04/2013;0.0008
17/04/2013;0.00078
18/04/2013;0.0008
19/04/2013;0.00083
22/04/2013;0.00082
23/04/2013;0.00079
24/04/2013;0.00083
25/04/2013;0.00083
26/04/2013;0.00082
29/04/2013;0.00085
30/04/2013;0.00085
01/05/2013;0.00085
02/05/2013;0.00078
03/05/2013;0.00077
06/05/2013;0.00083
07/05/2013;0.00075
08/05/2013;0.00064
09/05/2013;0.00072
10/05/2013;0.00074
13/05/2013;0.00086
14/05/2013;0.00081
15/05/2013;0.00078
16/05/2013;0.00082
17/05/2013;0.00066
20/05/2013;0.00069
21/05/2013;0.00076
22/05/2013;0.00083
23/05/2013;0.00078
24/05/2013;0.00081
27/05/2013;0.00082
28/05/2013;0.00084
29/05/2013;0.00076
30/05/2013;0.00073
31/05/2013;0.00073
03/06/2013;0.00078
04/06/2013;0.00078
05/06/2013;0.00081
06/06/2013;0.00083
07/06/2013;0.00078
10/06/2013;0.00082
11/06/2013;0.00075
12/06/2013;0.00077
13/06/2013;0.00074
14/06/2013;0.00075
17/06/2013;0.0008
18/06/2013;0.00073
19/06/2013;0.00082
20/06/2013;0.00082
21/06/2013;0.00084
24/06/2013;0.00084
25/06/2013;0.00079
26/06/2013;0.00084
27/06/2013;0.00086
28/06/2013;0.00086
01/07/2013;0.00085
02/07/2013;0.00082
03/07/2013;0.00082
04/07/2013;0.00087
05/07/2013;0.00087
08/07/2013;0.00084
09/07/2013;0.00083
10/07/2013;0.00088
11/07/2013;0.0009
12/07/2013;0.00087
15/07/2013;0.00086
16/07/2013;0.00083
17/07/2013;0.0009
18/07/2013;0.00091
19/07/2013;0.00098
22/07/2013;0.00101
23/07/2013;0.00105
24/07/2013;0.00104
25/07/2013;0.00098
26/07/2013;0.00097
29/07/2013;0.00092
30/07/2013;0.00099
31/07/2013;0.00099
01/08/2013;0.00093
02/08/2013;0.00084
05/08/2013;0.00083
06/08/2013;0.00078
07/08/2013;0.00078
08/08/2013;0.00084
09/08/2013;0.00082
12/08/2013;0.00079
13/08/2013;0.00077
14/08/2013;0.0008
15/08/2013;0.00077
16/08/2013;0.00078
19/08/2013;0.00079
20/08/2013;0.00078
21/08/2013;0.00078
22/08/2013;0.00079
23/08/2013;0.00077
26/08/2013;0.00078
27/08/2013;0.0008
28/08/2013;0.00078
29/08/2013;0.00076
30/08/2013;0.00076
02/09/2013;0.00079
03/09/2013;0.0008
04/09/2013;0.00073
05/09/2013;0.00069
06/09/2013;0.00075
09/09/2013;0.00068
10/09/2013;0.00071
11/09/2013;0.00073
12/09/2013;0.00068
13/09/2013;0.00072
16/09/2013;0.00073
17/09/2013;0.00075
18/09/2013;0.00078
19/09/2013;0.00075
20/09/2013;0.00078
23/09/2013;0.0008
24/09/2013;0.00077
25/09/2013;0.00077
26/09/2013;0.00082
27/09/2013;0.00085
30/09/2013;0.00085
01/10/2013;0.0008
02/10/2013;0.00079
03/10/2013;0.00079
04/10/2013;0.00084
07/10/2013;0.00082
08/10/2013;0.00084
09/10/2013;0.00081
10/10/2013;0.0008
11/10/2013;0.00085
14/10/2013;0.00078
15/10/2013;0.00078
16/10/2013;0.00082
17/10/2013;0.00088
18/10/2013;0.00093
21/10/2013;0.00091
22/10/2013;0.00093
23/10/2013;0.00094
24/10/2013;0.00096
25/10/2013;0.00096
28/10/2013;0.00095
29/10/2013;0.00098
30/10/2013;0.00103
31/10/2013;0.00103
01/11/2013;0.00092
04/11/2013;0.00092
05/11/2013;0.00089
06/11/2013;0.00086
07/11/2013;0.00078
08/11/2013;0.00077
11/11/2013;0.00076
12/11/2013;0.00074
13/11/2013;0.0007
14/11/2013;0.00076
15/11/2013;0.00079
18/11/2013;0.00084
19/11/2013;0.00086
20/11/2013;0.00091
21/11/2013;0.00108
22/11/2013;0.00117
25/11/2013;0.00132
26/11/2013;0.00131
27/11/2013;0.00123
28/11/2013;0.00127
29/11/2013;0.00127
02/12/2013;0.00112
03/12/2013;0.00117
04/12/2013;0.00126
05/12/2013;0.00127
06/12/2013;0.00127
09/12/2013;0.00125
10/12/2013;0.00131
11/12/2013;0.00144
12/12/2013;0.00139
13/12/2013;0.0015
16/12/2013;0.0015
17/12/2013;0.0015
18/12/2013;0.0015
19/12/2013;0.00159
20/12/2013;0.00161
23/12/2013;0.00158
24/12/2013;0.00171
25/12/2013;0.00171
26/12/2013;0.00171
27/12/2013;0.00192
30/12/2013;0.00223
31/12/2013;0.00223
01/01/2014;0.00223
02/01/2014;0.00152
03/01/2014;0.00111
06/01/2014;0.00096
07/01/2014;0.00099
08/01/2014;0.00137
09/01/2014;0.00156
10/01/2014;0.00154
13/01/2014;0.00153
14/01/2014;0.00147
15/01/2014;0.0021
16/01/2014;0.003
17/01/2014;0.00343
20/01/2014;0.00359
21/01/2014;0.00351
22/01/2014;0.00238
23/01/2014;0.0021
24/01/2014;0.00191
27/01/2014;0.00188
28/01/2014;0.00179
29/01/2014;0.00157
30/01/2014;0.00155
31/01/2014;0.00228
03/02/2014;0.0014
04/02/2014;0.00133
05/02/2014;0.00145
06/02/2014;0.00132
07/02/2014;0.00131
10/02/2014;0.00127
11/02/2014;0.00122
12/02/2014;0.0017
13/02/2014;0.00159
14/02/2014;0.00144
17/02/2014;0.0015
18/02/2014;0.00153
19/02/2014;0.00164
20/02/2014;0.00169
21/02/2014;0.00171
24/02/2014;0.00169
25/02/2014;0.00166
26/02/2014;0.00168
27/02/2014;0.00162
28/02/2014;0.00259
03/03/2014;0.00156
04/03/2014;0.00157
05/03/2014;0.00164
06/03/2014;0.00163
07/03/2014;0.00159
10/03/2014;0.00167
11/03/2014;0.00171
12/03/2014;0.00172
13/03/2014;0.0017
14/03/2014;0.00158
17/03/2014;0.00162
18/03/2014;0.0016
19/03/2014;0.00168
20/03/2014;0.00163
21/03/2014;0.00163
